22,25,56,62,70,73,112,113,116,129,132,137,138,144,146,150,151,7,149,99,33,17,20,23,71,67,16,82,126,32,38,141,49,94,115,75,80,10,53,119,85,136,89,95,110,86,3,1,139,106,153,147,103,15,148,165,34,117,48,12,43,102,122,5,44,2,78,111,142,21,26,54,19,37,68,98,131,107,6,31,93,18,61,155,161,52,50,114,77,47,35,135,42,79,162,156
22,25,56,62,70,73,112,113,116,129,132,137,138,144,146,150,151,7,149,99,33,17,20,23,71,67,16,82,126,32,38,141,49,94,115,75,80,10,53,119,85,136,89,95,110,86,3,1,139,106,153,147,103,15,148,165,34,117,48,12,43,102,122,5,44,2,78,111,142,21,26,54,19,37,68,98,131,107,6,31,93,18,61,155,161,52,50,114,77,47,35,135,42,79,162,156
22,25,56,62,70,73,112,113,116,129,132,137,138,144,146,150,151,7,149,99,33,17,20,23,71,67,16,82,126,32,38,141,49,94,115,75,80,10,53,119,85,136,89,95,110,86,3,1,139,106,153,147,103,15,148,165,34,117,48,12,43,102,122,5,44,2,78,111,142,21,26,54,19,37,68,98,131,107,6,31,93,18,61,155,161,52,50,114,77,47,35,135,42,79,162,156
22,25,56,62,70,73,112,113,116,129,132,137,138,144,146,150,151,7,149,99,33,17,20,23,71,67,16,82,126,32,38,141,49,94,115,75,80,10,53,119,85,136,89,95,110,86,3,1,139,106,153,147,103,15,148,165,34,117,48,12,43,102,122,5,44,2,78,111,142,21,26,54,19,37,68,98,131,107,6,31,93,18,61,155,161,52,50,114,77,47,35,135,42,79,162,156
22,25,56,62,70,73,112,113,116,129,132,137,138,144,146,150,151,7,149,99,33,17,20,23,71,67,16,82,126,32,38,141,49,94,115,75,80,10,53,119,85,136,89,95,110,86,3,1,139,106,153,147,103,15,148,165,34,117,48,12,43,102,122,5,44,2,78,111,142,21,26,54,19,37,68,98,131,107,6,31,93,18,61,155,161,52,50,114,77,47,35,135,42,79,162,156
22,25,56,62,70,73,112,113,116,129,132,137,138,144,146,150,151,7,149,99,33,17,20,23,71,67,16,82,126,32,38,141,49,94,115,75,80,10,53,119,85,136,89,95,110,86,3,1,139,106,153,147,103,15,148,165,34,117,48,12,43,102,122,5,44,2,78,111,142,21,26,54,19,37,68,98,131,107,6,31,93,18,61,155,161,52,50,114,77,47,35,135,42,79,162,156
22,25,56,62,70,73,112,113,116,129,132,137,138,144,146,150,151,7,149,99,33,17,20,23,71,67,16,82,126,32,38,141,49,94,115,75,80,10,53,119,85,136,89,95,110,86,3,1,139,106,153,147,103,15,148,165,34,117,48,12,43,102,122,5,44,2,78,111,142,21,26,54,19,37,68,98,131,107,6,31,93,18,61,155,161,52,50,114,77,47,35,135,42,79,162,156
22,25,56,62,70,73,112,113,116,129,132,137,138,144,146,150,151,7,149,99,33,17,20,23,71,67,16,82,126,32,38,141,49,94,115,75,80,10,53,119,85,136,89,95,110,86,3,1,139,106,153,147,103,15,148,165,34,117,48,12,43,102,122,5,44,2,78,111,142,21,26,54,19,37,68,98,131,107,6,31,93,18,61,155,161,52,50,114,77,47,35,135,42,79,162,156
22,25,56,62,70,73,112,113,116,129,132,137,138,144,146,150,151,7,149,99,33,17,20,23,71,67,16,82,126,32,38,141,49,94,115,75,80,10,53,119,85,136,89,95,110,86,3,1,139,106,153,147,103,15,148,165,34,117,48,12,43,102,122,5,44,2,78,111,142,21,26,54,19,37,68,98,131,107,6,31,93,18,61,155,161,52,50,114,77,47,35,135,42,79,162,156
22,25,56,62,70,73,112,113,116,129,132,137,138,144,146,150,151,7,149,99,33,17,20,23,71,67,16,82,126,32,38,141,49,94,115,75,80,10,53,119,85,136,89,95,110,86,3,1,139,106,153,147,103,15,148,165,34,117,48,12,43,102,122,5,44,2,78,111,142,21,26,54,19,37,68,98,131,107,6,31,93,18,61,155,161,52,50,114,77,47,35,135,42,79,162,156
22,25,56,62,70,73,112,113,116,129,132,137,138,144,146,150,151,7,149,99,33,17,20,23,71,67,16,82,126,32,38,141,49,94,115,75,80,10,53,119,85,136,89,95,110,86,3,1,139,106,153,147,103,15,148,165,34,117,48,12,43,102,122,5,44,2,78,111,142,21,26,54,19,37,68,98,131,107,6,31,93,18,61,155,161,52,50,114,77,47,35,135,42,79,162,156
22,25,56,62,70,73,112,113,116,129,132,137,138,144,146,150,151,7,149,99,33,17,20,23,71,67,16,82,126,32,38,141,49,94,115,75,80,10,53,119,85,136,89,95,110,86,3,1,139,106,153,147,103,15,148,165,34,117,48,12,43,102,122,5,44,2,78,111,142,21,26,54,19,37,68,98,131,107,6,31,93,18,61,155,161,52,50,114,77,47,35,135,42,79,162,156
22,25,56,62,70,73,112,113,116,129,132,137,138,144,146,150,151,7,149,99,33,17,20,23,71,67,16,82,126,32,38,141,49,94,115,75,80,10,53,119,85,136,89,95,110,86,3,1,139,106,153,147,103,15,148,165,34,117,48,12,43,102,122,5,44,2,78,111,142,21,26,54,19,37,68,98,131,107,6,31,93,18,61,155,161,52,50,114,77,47,35,135,42,79,162,156
22,25,56,62,70,73,112,113,116,129,132,137,138,144,146,150,151,7,149,99,33,17,20,23,71,67,16,82,126,32,38,141,49,94,115,75,80,10,53,119,85,136,89,95,110,86,3,1,139,106,153,147,103,15,148,165,34,117,48,12,43,102,122,5,44,2,78,111,142,21,26,54,19,37,68,98,131,107,6,31,93,18,61,155,161,52,50,114,77,47,35,135,42,79,162,156
22,25,56,62,70,73,112,113,116,129,132,137,138,144,146,150,151,7,149,99,33,17,20,23,71,67,16,82,126,32,38,141,49,94,115,75,80,10,53,119,85,136,89,95,110,86,3,1,139,106,153,147,103,15,148,165,34,117,48,12,43,102,122,5,44,2,78,111,142,21,26,54,19,37,68,98,131,107,6,31,93,18,61,155,161,52,50,114,77,47,35,135,42,79,162,156
22,25,56,62,70,73,112,113,116,129,132,137,138,144,146,150,151,7,149,99,33,17,20,23,71,67,16,82,126,32,38,141,49,94,115,75,80,10,53,119,85,136,89,95,110,86,3,1,139,106,153,147,103,15,148,165,34,117,48,12,43,102,122,5,44,2,78,111,142,21,26,54,19,37,68,98,131,107,6,31,93,18,61,155,161,52,50,114,77,47,35,135,42,79,162,156
22,25,56,62,70,73,112,113,116,129,132,137,138,144,146,150,151,7,149,99,33,17,20,23,71,67,16,82,126,32,38,141,49,94,115,75,80,10,53,119,85,136,89,95,110,86,3,1,139,106,153,147,103,15,148,165,34,117,48,12,43,102,122,5,44,2,78,111,142,21,26,54,19,37,68,98,131,107,6,31,93,18,61,155,161,52,50,114,77,47,35,135,42,79,162,156
22,25,56,62,70,73,112,113,116,129,132,137,138,144,146,150,151,7,149,99,33,17,20,23,71,67,16,82,126,32,38,141,49,94,115,75,80,10,53,119,85,136,89,95,110,86,3,1,139,106,153,147,103,15,148,165,34,117,48,12,43,102,122,5,44,2,78,111,142,21,26,54,19,37,68,98,131,107,6,31,93,18,61,155,161,52,50,114,77,47,35,135,42,79,162,156
22,25,56,62,70,73,112,113,116,129,132,137,138,144,146,150,151,7,149,99,33,17,20,23,71,67,16,82,126,32,38,141,49,94,115,75,80,10,53,119,85,136,89,95,110,86,3,1,139,106,153,147,103,15,148,165,34,117,48,12,43,102,122,5,44,2,78,111,142,21,26,54,19,37,68,98,131,107,6,31,93,18,61,155,161,52,50,114,77,47,35,135,42,79,162,156
22,25,56,62,70,73,112,113,116,129,132,137,138,144,146,150,151,7,149,99,33,17,20,23,71,67,16,82,126,32,38,141,49,94,115,75,80,10,53,119,85,136,89,95,110,86,3,1,139,106,153,147,103,15,148,165,34,117,48,12,43,102,122,5,44,2,78,111,142,21,26,54,19,37,68,98,131,107,6,31,93,18,61,155,161,52,50,114,77,47,35,135,42,79,162,156
22,25,56,62,70,73,112,113,116,129,132,137,138,144,146,150,151,7,149,99,33,17,20,23,71,67,16,82,126,32,38,141,49,94,115,75,80,10,53,119,85,136,89,95,110,86,3,1,139,106,153,147,103,15,148,165,34,117,48,12,43,102,122,5,44,2,78,111,142,21,26,54,19,37,68,98,131,107,6,31,93,18,61,155,161,52,50,114,77,47,35,135,42,79,162,156
22,25,56,62,70,73,112,113,116,129,132,137,138,144,146,150,151,7,149,99,33,17,20,23,71,67,16,82,126,32,38,141,49,94,115,75,80,10,53,119,85,136,89,95,110,86,3,1,139,106,153,147,103,15,148,165,34,117,48,12,43,102,122,5,44,2,78,111,142,21,26,54,19,37,68,98,131,107,6,31,93,18,61,155,161,52,50,114,77,47,35,135,42,79,162,156
22,25,56,62,70,73,112,113,116,129,132,137,138,144,146,150,151,7,149,99,33,17,20,23,71,67,16,82,126,32,38,141,49,94,115,75,80,10,53,119,85,136,89,95,110,86,3,1,139,106,153,147,103,15,148,165,34,117,48,12,43,102,122,5,44,2,78,111,142,21,26,54,19,37,68,98,131,107,6,31,93,18,61,155,161,52,50,114,77,47,35,135,42,79,162,156
22,25,56,62,70,73,112,113,116,129,132,137,138,144,146,150,151,7,149,99,33,17,20,23,71,67,16,82,126,32,38,141,49,94,115,75,80,10,53,119,85,136,89,95,110,86,3,1,139,106,153,147,103,15,148,165,34,117,48,12,43,102,122,5,44,2,78,111,142,21,26,54,19,37,68,98,131,107,6,31,93,18,61,155,161,52,50,114,77,47,35,135,42,79,162,156
22,25,56,62,70,73,112,113,116,129,132,137,138,144,146,150,151,7,149,99,33,17,20,23,71,67,16,82,126,32,38,141,49,94,115,75,80,10,53,119,85,136,89,95,110,86,3,1,139,106,153,147,103,15,148,165,34,117,48,12,43,102,122,5,44,2,78,111,142,21,26,54,19,37,68,98,131,107,6,31,93,18,61,155,161,52,50,114,77,47,35,135,42,79,162,156
22,25,56,62,70,73,112,113,116,129,132,137,138,144,146,150,151,7,149,99,33,17,20,23,71,67,16,82,126,32,38,141,49,94,115,75,80,10,53,119,85,136,89,95,110,86,3,1,139,106,153,147,103,15,148,165,34,117,48,12,43,102,122,5,44,2,78,111,142,21,26,54,19,37,68,98,131,107,6,31,93,18,61,155,161,52,50,114,77,47,35,135,42,79,162,156
22,25,56,62,70,73,112,113,116,129,132,137,138,144,146,150,151,7,149,99,33,17,20,23,71,67,16,82,126,32,38,141,49,94,115,75,80,10,53,119,85,136,89,95,110,86,3,1,139,106,153,147,103,15,148,165,34,117,48,12,43,102,122,5,44,2,78,111,142,21,26,54,19,37,68,98,131,107,6,31,93,18,61,155,161,52,50,114,77,47,35,135,42,79,162,156
22,25,56,62,70,73,112,113,116,129,132,137,138,144,146,150,151,7,149,99,33,17,20,23,71,67,16,82,126,32,38,141,49,94,115,75,80,10,53,119,85,136,89,95,110,86,3,1,139,106,153,147,103,15,148,165,34,117,48,12,43,102,122,5,44,2,78,111,142,21,26,54,19,37,68,98,131,107,6,31,93,18,61,155,161,52,50,114,77,47,35,135,42,79,162,156
22,25,56,62,70,73,112,113,116,129,132,137,138,144,146,150,151,7,149,99,33,17,20,23,71,67,16,82,126,32,38,141,49,94,115,75,80,10,53,119,85,136,89,95,110,86,3,1,139,106,153,147,103,15,148,165,34,117,48,12,43,102,122,5,44,2,78,111,142,21,26,54,19,37,68,98,131,107,6,31,93,18,61,155,161,52,50,114,77,47,35,135,42,79,162,156
22,25,56,62,70,73,112,113,116,129,132,137,138,144,146,150,151,7,149,99,33,17,20,23,71,67,16,82,126,32,38,141,49,94,115,75,80,10,53,119,85,136,89,95,110,86,3,1,139,106,153,147,103,15,148,165,34,117,48,12,43,102,122,5,44,2,78,111,142,21,26,54,19,37,68,98,131,107,6,31,93,18,61,155,161,52,50,114,77,47,35,135,42,79,162,156
22,25,56,62,70,73,112,113,116,129,132,137,138,144,146,150,151,7,149,99,33,17,20,23,71,67,16,82,126,32,38,141,49,94,115,75,80,10,53,119,85,136,89,95,110,86,3,1,139,106,153,147,103,15,148,165,34,117,48,12,43,102,122,5,44,2,78,111,142,21,26,54,19,37,68,98,131,107,6,31,93,18,61,155,161,52,50,114,77,47,35,135,42,79,162,156
22,25,56,62,70,73,112,113,116,129,132,137,138,144,146,150,151,7,149,99,33,17,20,23,71,67,16,82,126,32,38,141,49,94,115,75,80,10,53,119,85,136,89,95,110,86,3,1,139,106,153,147,103,15,148,165,34,117,48,12,43,102,122,5,44,2,78,111,142,21,26,54,19,37,68,98,131,107,6,31,93,18,61,155,161,52,50,114,77,47,35,135,42,79,162,156
22,25,56,62,70,73,112,113,116,129,132,137,138,144,146,150,151,7,149,99,33,17,20,23,71,67,16,82,126,32,38,141,49,94,115,75,80,10,53,119,85,136,89,95,110,86,3,1,139,106,153,147,103,15,148,165,34,117,48,12,43,102,122,5,44,2,78,111,142,21,26,54,19,37,68,98,131,107,6,31,93,18,61,155,161,52,50,114,77,47,35,135,42,79,162,156
22,25,56,62,70,73,112,113,116,129,132,137,138,144,146,150,151,7,149,99,33,17,20,23,71,67,16,82,126,32,38,141,49,94,115,75,80,10,53,119,85,136,89,95,110,86,3,1,139,106,153,147,103,15,148,165,34,117,48,12,43,102,122,5,44,2,78,111,142,21,26,54,19,37,68,98,131,107,6,31,93,18,61,155,161,52,50,114,77,47,35,135,42,79,162,156
22,25,56,62,70,73,112,113,116,129,132,137,138,144,146,150,151,7,149,99,33,17,20,23,71,67,16,82,126,32,38,141,49,94,115,75,80,10,53,119,85,136,89,95,110,86,3,1,139,106,153,147,103,15,148,165,34,117,48,12,43,102,122,5,44,2,78,111,142,21,26,54,19,37,68,98,131,107,6,31,93,18,61,155,161,52,50,114,77,47,35,135,42,79,162,156
22,25,56,62,70,73,112,113,116,129,132,137,138,144,146,150,151,7,149,99,33,17,20,23,71,67,16,82,126,32,38,141,49,94,115,75,80,10,53,119,85,136,89,95,110,86,3,1,139,106,153,147,103,15,148,165,34,117,48,12,43,102,122,5,44,2,78,111,142,21,26,54,19,37,68,98,131,107,6,31,93,18,61,155,161,52,50,114,77,47,35,135,42,79,162,156
22,25,56,62,70,73,112,113,116,129,132,137,138,144,146,150,151,7,149,99,33,17,20,23,71,67,16,82,126,32,38,141,49,94,115,75,80,10,53,119,85,136,89,95,110,86,3,1,139,106,153,147,103,15,148,165,34,117,48,12,43,102,122,5,44,2,78,111,142,21,26,54,19,37,68,98,131,107,6,31,93,18,61,155,161,52,50,114,77,47,35,135,42,79,162,156
22,25,56,62,70,73,112,113,116,129,132,137,138,144,146,150,151,7,149,99,33,17,20,23,71,67,16,82,126,32,38,141,49,94,115,75,80,10,53,119,85,136,89,95,110,86,3,1,139,106,153,147,103,15,148,165,34,117,48,12,43,102,122,5,44,2,78,111,142,21,26,54,19,37,68,98,131,107,6,31,93,18,61,155,161,52,50,114,77,47,35,135,42,79,162,156
22,25,56,62,70,73,112,113,116,129,132,137,138,144,146,150,151,7,149,99,33,17,20,23,71,67,16,82,126,32,38,141,49,94,115,75,80,10,53,119,85,136,89,95,110,86,3,1,139,106,153,147,103,15,148,165,34,117,48,12,43,102,122,5,44,2,78,111,142,21,26,54,19,37,68,98,131,107,6,31,93,18,61,155,161,52,50,114,77,47,35,135,42,79,162,156
22,25,56,62,70,73,112,113,116,129,132,137,138,144,146,150,151,7,149,99,33,17,20,23,71,67,16,82,126,32,38,141,49,94,115,75,80,10,53,119,85,136,89,95,110,86,3,1,139,106,153,147,103,15,148,165,34,117,48,12,43,102,122,5,44,2,78,111,142,21,26,54,19,37,68,98,131,107,6,31,93,18,61,155,161,52,50,114,77,47,35,135,42,79,162,156
22,25,56,62,70,73,112,113,116,129,132,137,138,144,146,150,151,7,149,99,33,17,20,23,71,67,16,82,126,32,38,141,49,94,115,75,80,10,53,119,85,136,89,95,110,86,3,1,139,106,153,147,103,15,148,165,34,117,48,12,43,102,122,5,44,2,78,111,142,21,26,54,19,37,68,98,131,107,6,31,93,18,61,155,161,52,50,114,77,47,35,135,42,79,162,156
22,25,56,62,70,73,112,113,116,129,132,137,138,144,146,150,151,7,149,99,33,17,20,23,71,67,16,82,126,32,38,141,49,94,115,75,80,10,53,119,85,136,89,95,110,86,3,1,139,106,153,147,103,15,148,165,34,117,48,12,43,102,122,5,44,2,78,111,142,21,26,54,19,37,68,98,131,107,6,31,93,18,61,155,161,52,50,114,77,47,35,135,42,79,162,156
22,25,56,62,70,73,112,113,116,129,132,137,138,144,146,150,151,7,149,99,33,17,20,23,71,67,16,82,126,32,38,141,49,94,115,75,80,10,53,119,85,136,89,95,110,86,3,1,139,106,153,147,103,15,148,165,34,117,48,12,43,102,122,5,44,2,78,111,142,21,26,54,19,37,68,98,131,107,6,31,93,18,61,155,161,52,50,114,77,47,35,135,42,79,162,156
22,25,56,62,70,73,112,113,116,129,132,137,138,144,146,150,151,7,149,99,33,17,20,23,71,67,16,82,126,32,38,141,49,94,115,75,80,10,53,119,85,136,89,95,110,86,3,1,139,106,153,147,103,15,148,165,34,117,48,12,43,102,122,5,44,2,78,111,142,21,26,54,19,37,68,98,131,107,6,31,93,18,61,155,161,52,50,114,77,47,35,135,42,79,162,156
22,25,56,62,70,73,112,113,116,129,132,137,138,144,146,150,151,7,149,99,33,17,20,23,71,67,16,82,126,32,38,141,49,94,115,75,80,10,53,119,85,136,89,95,110,86,3,1,139,106,153,147,103,15,148,165,34,117,48,12,43,102,122,5,44,2,78,111,142,21,26,54,19,37,68,98,131,107,6,31,93,18,61,155,161,52,50,114,77,47,35,135,42,79,162,156
22,25,56,62,70,73,112,113,116,129,132,137,138,144,146,150,151,7,149,99,33,17,20,23,71,67,16,82,126,32,38,141,49,94,115,75,80,10,53,119,85,136,89,95,110,86,3,1,139,106,153,147,103,15,148,165,34,117,48,12,43,102,122,5,44,2,78,111,142,21,26,54,19,37,68,98,131,107,6,31,93,18,61,155,161,52,50,114,77,47,35,135,42,79,162,156
22,25,56,62,70,73,112,113,116,129,132,137,138,144,146,150,151,7,149,99,33,17,20,23,71,67,16,82,126,32,38,141,49,94,115,75,80,10,53,119,85,136,89,95,110,86,3,1,139,106,153,147,103,15,148,165,34,117,48,12,43,102,122,5,44,2,78,111,142,21,26,54,19,37,68,98,131,107,6,31,93,18,61,155,161,52,50,114,77,47,35,135,42,79,162,156
