22,25,56,62,70,73,112,113,116,129,132,137,138,144,146,150,151,141,38,7,20,51,130,61,126,76,102,12,5,154,49,90,123,18,127,159,45,17,111,109,139,24,121,103,97,3,30,133,101,157,43,55,31,124,100,88
22,25,56,62,70,73,112,113,116,129,132,137,138,144,146,150,151,141,38,7,20,51,130,61,126,76,102,12,5,154,49,90,123,18,127,159,45,17,111,109,139,24,121,103,97,3,30,133,101,157,43,55,31,124,100,88
22,25,56,62,70,73,112,113,116,129,132,137,138,144,146,150,151,141,38,7,20,51,130,61,126,76,102,12,5,154,49,90,123,18,127,159,45,17,111,109,139,24,121,103,97,3,30,133,101,157,43,55,31,124,100,88
22,25,56,62,70,73,112,113,116,129,132,137,138,144,146,150,151,141,38,7,20,51,130,61,126,76,102,12,5,154,49,90,123,18,127,159,45,17,111,109,139,24,121,103,97,3,30,133,101,157,43,55,31,124,100,88
22,25,56,62,70,73,112,113,116,129,132,137,138,144,146,150,151,141,38,7,20,51,130,61,126,76,102,12,5,154,49,90,123,18,127,159,45,17,111,109,139,24,121,103,97,3,30,133,101,157,43,55,31,124,100,88
22,25,56,62,70,73,112,113,116,129,132,137,138,144,146,150,151,141,38,7,20,51,130,61,126,76,102,12,5,154,49,90,123,18,127,159,45,17,111,109,139,24,121,103,97,3,30,133,101,157,43,55,31,124,100,88
22,25,56,62,70,73,112,113,116,129,132,137,138,144,146,150,151,141,38,7,20,51,130,61,126,76,102,12,5,154,49,90,123,18,127,159,45,17,111,109,139,24,121,103,97,3,30,133,101,157,43,55,31,124,100,88
22,25,56,62,70,73,112,113,116,129,132,137,138,144,146,150,151,141,38,7,20,51,130,61,126,76,102,12,5,154,49,90,123,18,127,159,45,17,111,109,139,24,121,103,97,3,30,133,101,157,43,55,31,124,100,88
22,25,56,62,70,73,112,113,116,129,132,137,138,144,146,150,151,141,38,7,20,51,130,61,126,76,102,12,5,154,49,90,123,18,127,159,45,17,111,109,139,24,121,103,97,3,30,133,101,157,43,55,31,124,100,88
22,25,56,62,70,73,112,113,116,129,132,137,138,144,146,150,151,141,38,7,20,51,130,61,126,76,102,12,5,154,49,90,123,18,127,159,45,17,111,109,139,24,121,103,97,3,30,133,101,157,43,55,31,124,100,88
22,25,56,62,70,73,112,113,116,129,132,137,138,144,146,150,151,141,38,7,20,51,130,61,126,76,102,12,5,154,49,90,123,18,127,159,45,17,111,109,139,24,121,103,97,3,30,133,101,157,43,55,31,124,100,88
22,25,56,62,70,73,112,113,116,129,132,137,138,144,146,150,151,141,38,7,20,51,130,61,126,76,102,12,5,154,49,90,123,18,127,159,45,17,111,109,139,24,121,103,97,3,30,133,101,157,43,55,31,124,100,88
22,25,56,62,70,73,112,113,116,129,132,137,138,144,146,150,151,141,38,7,20,51,130,61,126,76,102,12,5,154,49,90,123,18,127,159,45,17,111,109,139,24,121,103,97,3,30,133,101,157,43,55,31,124,100,88
22,25,56,62,70,73,112,113,116,129,132,137,138,144,146,150,151,141,38,7,20,51,130,61,126,76,102,12,5,154,49,90,123,18,127,159,45,17,111,109,139,24,121,103,97,3,30,133,101,157,43,55,31,124,100,88
22,25,56,62,70,73,112,113,116,129,132,137,138,144,146,150,151,141,38,7,20,51,130,61,126,76,102,12,5,154,49,90,123,18,127,159,45,17,111,109,139,24,121,103,97,3,30,133,101,157,43,55,31,124,100,88
22,25,56,62,70,73,112,113,116,129,132,137,138,144,146,150,151,141,38,7,20,51,130,61,126,76,102,12,5,154,49,90,123,18,127,159,45,17,111,109,139,24,121,103,97,3,30,133,101,157,43,55,31,124,100,88
22,25,56,62,70,73,112,113,116,129,132,137,138,144,146,150,151,141,38,7,20,51,130,61,126,76,102,12,5,154,49,90,123,18,127,159,45,17,111,109,139,24,121,103,97,3,30,133,101,157,43,55,31,124,100,88
22,25,56,62,70,73,112,113,116,129,132,137,138,144,146,150,151,141,38,7,20,51,130,61,126,76,102,12,5,154,49,90,123,18,127,159,45,17,111,109,139,24,121,103,97,3,30,133,101,157,43,55,31,124,100,88
22,25,56,62,70,73,112,113,116,129,132,137,138,144,146,150,151,141,38,7,20,51,130,61,126,76,102,12,5,154,49,90,123,18,127,159,45,17,111,109,139,24,121,103,97,3,30,133,101,157,43,55,31,124,100,88
22,25,56,62,70,73,112,113,116,129,132,137,138,144,146,150,151,141,38,7,20,51,130,61,126,76,102,12,5,154,49,90,123,18,127,159,45,17,111,109,139,24,121,103,97,3,30,133,101,157,43,55,31,124,100,88
22,25,56,62,70,73,112,113,116,129,132,137,138,144,146,150,151,141,38,7,20,51,130,61,126,76,102,12,5,154,49,90,123,18,127,159,45,17,111,109,139,24,121,103,97,3,30,133,101,157,43,55,31,124,100,88
22,25,56,62,70,73,112,113,116,129,132,137,138,144,146,150,151,141,38,7,20,51,130,61,126,76,102,12,5,154,49,90,123,18,127,159,45,17,111,109,139,24,121,103,97,3,30,133,101,157,43,55,31,124,100,88
22,25,56,62,70,73,112,113,116,129,132,137,138,144,146,150,151,141,38,7,20,51,130,61,126,76,102,12,5,154,49,90,123,18,127,159,45,17,111,109,139,24,121,103,97,3,30,133,101,157,43,55,31,124,100,88
22,25,56,62,70,73,112,113,116,129,132,137,138,144,146,150,151,141,38,7,20,51,130,61,126,76,102,12,5,154,49,90,123,18,127,159,45,17,111,109,139,24,121,103,97,3,30,133,101,157,43,55,31,124,100,88
22,25,56,62,70,73,112,113,116,129,132,137,138,144,146,150,151,141,38,7,20,51,130,61,126,76,102,12,5,154,49,90,123,18,127,159,45,17,111,109,139,24,121,103,97,3,30,133,101,157,43,55,31,124,100,88
22,25,56,62,70,73,112,113,116,129,132,137,138,144,146,150,151,141,38,7,20,51,130,61,126,76,102,12,5,154,49,90,123,18,127,159,45,17,111,109,139,24,121,103,97,3,30,133,101,157,43,55,31,124,100,88
22,25,56,62,70,73,112,113,116,129,132,137,138,144,146,150,151,141,38,7,20,51,130,61,126,76,102,12,5,154,49,90,123,18,127,159,45,17,111,109,139,24,121,103,97,3,30,133,101,157,43,55,31,124,100,88
22,25,56,62,70,73,112,113,116,129,132,137,138,144,146,150,151,141,38,7,20,51,130,61,126,76,102,12,5,154,49,90,123,18,127,159,45,17,111,109,139,24,121,103,97,3,30,133,101,157,43,55,31,124,100,88
22,25,56,62,70,73,112,113,116,129,132,137,138,144,146,150,151,141,38,7,20,51,130,61,126,76,102,12,5,154,49,90,123,18,127,159,45,17,111,109,139,24,121,103,97,3,30,133,101,157,43,55,31,124,100,88
22,25,56,62,70,73,112,113,116,129,132,137,138,144,146,150,151,141,38,7,20,51,130,61,126,76,102,12,5,154,49,90,123,18,127,159,45,17,111,109,139,24,121,103,97,3,30,133,101,157,43,55,31,124,100,88
22,25,56,62,70,73,112,113,116,129,132,137,138,144,146,150,151,141,38,7,20,51,130,61,126,76,102,12,5,154,49,90,123,18,127,159,45,17,111,109,139,24,121,103,97,3,30,133,101,157,43,55,31,124,100,88
22,25,56,62,70,73,112,113,116,129,132,137,138,144,146,150,151,141,38,7,20,51,130,61,126,76,102,12,5,154,49,90,123,18,127,159,45,17,111,109,139,24,121,103,97,3,30,133,101,157,43,55,31,124,100,88
22,25,56,62,70,73,112,113,116,129,132,137,138,144,146,150,151,141,38,7,20,51,130,61,126,76,102,12,5,154,49,90,123,18,127,159,45,17,111,109,139,24,121,103,97,3,30,133,101,157,43,55,31,124,100,88
22,25,56,62,70,73,112,113,116,129,132,137,138,144,146,150,151,141,38,7,20,51,130,61,126,76,102,12,5,154,49,90,123,18,127,159,45,17,111,109,139,24,121,103,97,3,30,133,101,157,43,55,31,124,100,88
22,25,56,62,70,73,112,113,116,129,132,137,138,144,146,150,151,141,38,7,20,51,130,61,126,76,102,12,5,154,49,90,123,18,127,159,45,17,111,109,139,24,121,103,97,3,30,133,101,157,43,55,31,124,100,88
22,25,56,62,70,73,112,113,116,129,132,137,138,144,146,150,151,141,38,7,20,51,130,61,126,76,102,12,5,154,49,90,123,18,127,159,45,17,111,109,139,24,121,103,97,3,30,133,101,157,43,55,31,124,100,88
22,25,56,62,70,73,112,113,116,129,132,137,138,144,146,150,151,141,38,7,20,51,130,61,126,76,102,12,5,154,49,90,123,18,127,159,45,17,111,109,139,24,121,103,97,3,30,133,101,157,43,55,31,124,100,88
22,25,56,62,70,73,112,113,116,129,132,137,138,144,146,150,151,141,38,7,20,51,130,61,126,76,102,12,5,154,49,90,123,18,127,159,45,17,111,109,139,24,121,103,97,3,30,133,101,157,43,55,31,124,100,88
22,25,56,62,70,73,112,113,116,129,132,137,138,144,146,150,151,141,38,7,20,51,130,61,126,76,102,12,5,154,49,90,123,18,127,159,45,17,111,109,139,24,121,103,97,3,30,133,101,157,43,55,31,124,100,88
22,25,56,62,70,73,112,113,116,129,132,137,138,144,146,150,151,141,38,7,20,51,130,61,126,76,102,12,5,154,49,90,123,18,127,159,45,17,111,109,139,24,121,103,97,3,30,133,101,157,43,55,31,124,100,88
22,25,56,62,70,73,112,113,116,129,132,137,138,144,146,150,151,141,38,7,20,51,130,61,126,76,102,12,5,154,49,90,123,18,127,159,45,17,111,109,139,24,121,103,97,3,30,133,101,157,43,55,31,124,100,88
22,25,56,62,70,73,112,113,116,129,132,137,138,144,146,150,151,141,38,7,20,51,130,61,126,76,102,12,5,154,49,90,123,18,127,159,45,17,111,109,139,24,121,103,97,3,30,133,101,157,43,55,31,124,100,88
22,25,56,62,70,73,112,113,116,129,132,137,138,144,146,150,151,141,38,7,20,51,130,61,126,76,102,12,5,154,49,90,123,18,127,159,45,17,111,109,139,24,121,103,97,3,30,133,101,157,43,55,31,124,100,88
22,25,56,62,70,73,112,113,116,129,132,137,138,144,146,150,151,141,38,7,20,51,130,61,126,76,102,12,5,154,49,90,123,18,127,159,45,17,111,109,139,24,121,103,97,3,30,133,101,157,43,55,31,124,100,88
22,25,56,62,70,73,112,113,116,129,132,137,138,144,146,150,151,141,38,7,20,51,130,61,126,76,102,12,5,154,49,90,123,18,127,159,45,17,111,109,139,24,121,103,97,3,30,133,101,157,43,55,31,124,100,88
22,25,56,62,70,73,112,113,116,129,132,137,138,144,146,150,151,141,38,7,20,51,130,61,126,76,102,12,5,154,49,90,123,18,127,159,45,17,111,109,139,24,121,103,97,3,30,133,101,157,43,55,31,124,100,88
22,25,56,62,70,73,112,113,116,129,132,137,138,144,146,150,151,141,38,7,20,51,130,61,126,76,102,12,5,154,49,90,123,18,127,159,45,17,111,109,139,24,121,103,97,3,30,133,101,157,43,55,31,124,100,88
