165,28,106,65,46,92,41,91,125,74,83,162,27,54,160,44,89,79,90,156,47,42,63,86,124,159,164,36,49,69,11,127,140,123,122,95,45,152,105,107,108,52,158,77,102,81,64,43,85,59,120,66,40,75,76,87,50,161,157,35,34,12,13,142,143,126,128,30,84,82,51,93,29,118,121,48,133,9,99,60,61,10,98,53,80,4,57,55,58,78,32,31,155,16,67,71,68,72,88,136,134,135,163,149,147,148,145,26,24,15,97,96,94,21,23,154,153,1,2,3,6,104,103,100,101,37,38,39,33,7,8,5,130,131,139,141,14,18,20,17,19,109,119,110,114,115,111,117,144,116,151,129,138,22,73,112,25,137,150,56,113,62,146,70,132
165,28,106,65,92,46,41,91,125,74,83,162,27,54,160,89,44,79,90,156,42,63,124,86,47,164,159,49,69,36,127,140,123,122,95,45,105,152,108,107,11,77,102,158,81,43,64,85,52,59,120,66,40,75,76,87,157,161,34,35,142,143,126,128,13,12,82,93,84,29,118,121,50,30,133,99,51,48,60,61,98,80,53,57,55,58,78,4,16,67,68,71,72,88,135,134,136,163,149,147,148,145,26,24,97,96,94,23,21,15,31,10,155,154,153,3,2,6,1,32,103,104,101,100,33,37,38,39,130,131,139,141,18,20,19,17,14,8,7,5,109,119,110,111,114,115,117,144,116,113,129,137,25,138,70,73,112,150,56,132,146,62,22,151
28,106,165,65,92,46,41,91,74,83,162,27,54,160,89,44,79,90,156,42,63,86,47,164,159,49,69,36,95,45,125,124,122,123,107,105,108,152,11,77,102,158,81,43,64,85,52,59,120,66,40,76,75,87,157,161,34,35,13,12,82,93,84,29,121,118,50,30,143,126,128,127,142,140,99,51,48,61,60,98,80,53,55,57,58,78,4,16,67,68,72,71,88,163,136,133,145,135,148,134,147,149,24,26,97,96,94,23,21,15,10,31,155,154,153,6,1,2,3,32,103,104,101,100,38,39,33,37,14,18,17,19,20,7,8,5,117,114,115,110,111,119,109,139,141,56,132,73,146,22,62,25,151,112,113,116,129,137,150,70,138,144,130
28,165,106,65,92,46,41,91,74,83,162,54,27,160,89,44,79,90,156,42,63,86,164,47,49,69,36,95,159,45,108,107,152,105,123,122,124,125,77,102,81,43,158,64,85,52,59,120,11,66,40,75,76,87,157,161,35,34,82,93,84,29,118,121,12,13,142,140,126,128,127,143,99,50,60,61,51,48,98,80,30,53,57,55,58,78,67,68,71,72,88,163,135,147,149,133,145,148,134,136,4,24,26,96,97,94,16,155,10,31,1,2,3,6,153,154,103,104,21,23,100,101,32,37,33,38,39,119,109,110,114,111,115,117,19,20,17,18,14,7,8,5,130,144,137,22,25,112,150,151,129,113,138,70,73,116,132,146,56,62,141,139
28,106,165,92,46,65,41,91,74,83,54,27,160,89,44,162,90,79,156,42,63,86,164,69,95,36,45,125,124,122,123,152,108,105,107,159,77,102,43,158,81,120,85,11,59,75,76,87,52,161,157,34,35,82,93,29,118,121,12,13,128,143,127,126,142,140,47,49,84,99,66,60,61,98,80,40,51,30,55,57,58,50,64,67,68,72,71,88,78,53,163,133,136,134,145,135,147,148,149,4,24,26,97,96,16,94,155,31,10,1,3,6,2,154,153,104,103,23,21,101,100,32,39,38,33,37,117,115,114,110,111,109,119,14,18,8,17,19,20,5,7,139,141,132,56,25,113,137,70,62,116,146,150,73,112,151,22,129,144,138,130
28,106,165,92,46,65,41,91,74,83,54,89,162,44,90,79,156,42,63,86,164,69,95,36,125,124,122,123,107,108,105,152,45,159,77,102,160,27,81,43,120,85,11,59,75,76,87,52,161,158,35,34,82,93,121,118,29,13,12,143,126,127,128,142,140,84,49,47,157,99,66,61,60,98,80,40,51,57,55,58,50,64,67,71,72,68,88,78,30,53,163,133,135,145,134,136,148,147,149,4,96,97,94,6,2,1,3,31,155,10,103,104,101,100,32,153,154,16,21,23,38,39,33,37,117,114,115,111,110,119,109,5,20,7,8,19,14,18,17,139,141,146,22,138,73,116,62,56,70,24,25,137,129,112,113,151,150,132,144,130
165,106,28,92,46,65,91,41,74,83,89,54,162,44,79,90,156,63,164,42,86,69,95,36,107,108,105,123,152,122,124,125,45,159,77,102,81,120,85,27,160,59,11,76,75,43,87,52,161,34,35,82,93,121,118,12,13,140,142,128,143,127,126,84,99,47,49,60,61,29,158,66,98,80,51,40,55,57,157,58,64,50,67,71,68,72,78,88,53,163,133,134,135,148,149,147,145,136,4,96,97,94,30,1,3,2,6,103,104,31,155,10,101,100,32,33,37,39,38,109,119,115,117,114,110,111,14,23,19,20,17,18,5,21,7,8,16,130,137,132,154,138,25,70,113,129,150,56,62,112,116,73,24,144,146,22,139,151,141
106,165,28,92,46,65,91,41,74,83,89,54,162,44,79,90,63,164,156,42,86,69,95,125,124,122,123,152,108,105,107,36,45,77,102,81,120,160,27,85,59,76,75,11,43,87,161,52,34,35,82,93,121,118,12,13,143,128,126,127,142,140,84,99,49,47,60,61,159,29,66,98,80,158,51,55,57,58,157,64,50,71,68,72,67,88,78,163,135,134,149,133,147,148,145,136,53,4,97,96,94,40,6,1,3,2,104,103,101,100,32,38,39,33,37,115,114,117,111,110,109,119,18,16,20,21,5,17,14,19,30,23,7,8,139,141,132,24,146,129,56,62,73,154,25,116,144,151,150,70,155,31,112,138,22,113,137,130
106,165,92,46,65,91,41,74,83,89,162,79,90,54,63,164,156,42,44,86,69,95,125,124,122,123,108,152,105,107,36,45,77,102,81,120,85,59,76,75,11,43,87,161,52,35,34,82,93,121,118,12,13,143,128,126,127,142,140,84,99,49,47,60,61,159,66,98,80,158,51,55,57,28,29,58,157,64,50,72,68,71,67,88,78,163,133,135,136,145,147,148,134,149,53,4,97,96,94,40,6,1,3,2,104,103,101,100,32,39,38,37,33,117,115,114,110,111,119,109,16,5,20,17,19,14,18,21,23,7,30,8,139,141,132,25,138,146,27,62,73,129,31,116,113,56,70,112,154,155,24,137,22,151,144,150,130
106,165,92,65,46,41,74,91,162,90,79,83,54,63,44,156,164,42,89,69,95,125,124,122,105,123,152,107,108,36,45,77,102,86,120,76,75,11,59,43,161,52,34,35,121,118,93,12,13,128,143,126,127,140,142,87,61,60,159,99,47,49,98,66,158,51,28,29,57,55,157,58,50,64,82,81,72,68,71,67,78,163,84,145,134,136,133,147,148,149,135,53,80,4,96,97,94,1,6,3,2,40,104,103,88,100,101,32,38,39,33,37,117,115,114,111,110,109,119,16,5,18,19,14,20,21,17,23,7,30,8,22,141,24,31,155,154,146,129,132,150,27,62,113,73,137,139,151,112,70,56,116,138,25,144,130
106,165,92,65,46,41,91,74,162,90,54,83,63,79,44,156,164,42,89,69,95,36,125,124,122,123,105,152,108,107,45,86,102,77,120,11,75,76,59,43,161,52,34,35,121,118,12,13,128,143,127,126,140,142,93,87,60,61,159,99,47,49,66,51,158,28,29,55,57,157,58,64,50,81,82,71,68,72,67,84,145,148,135,136,133,147,134,149,78,53,4,163,98,80,94,1,3,6,2,40,88,96,97,32,39,38,33,37,117,115,114,110,109,103,104,111,119,16,5,14,23,7,20,17,30,18,19,21,8,139,141,24,56,154,27,116,155,25,62,70,137,146,101,113,132,31,73,112,129,138,150,151,22,144,130
106,165,92,65,46,41,91,74,162,90,54,83,63,79,44,156,164,42,89,69,95,36,125,124,122,108,107,105,152,123,45,86,102,77,120,75,76,59,43,161,52,34,35,121,118,128,126,127,143,140,142,93,87,61,60,159,99,49,47,66,51,158,28,29,57,55,157,58,64,50,81,82,71,68,72,67,84,136,145,148,133,135,134,147,149,78,53,4,163,98,80,94,1,6,3,2,40,88,96,97,32,39,38,33,37,109,119,110,111,114,117,104,115,103,16,5,19,14,20,18,17,21,11,23,7,8,30,141,132,139,22,150,155,137,62,101,31,70,73,151,154,25,113,112,13,56,116,129,27,24,146,138,144,130
106,165,92,65,46,41,91,74,162,90,54,83,63,79,44,156,164,42,89,69,36,45,86,77,108,152,107,105,125,124,122,123,102,95,76,75,59,43,161,52,35,34,127,143,126,128,118,121,140,142,120,93,87,61,60,159,47,49,99,66,51,158,28,29,55,57,157,58,50,64,82,81,71,72,68,67,84,145,135,133,147,134,136,148,149,78,53,4,163,98,80,1,6,3,2,40,88,97,96,94,32,38,39,37,33,16,5,17,18,14,20,11,21,19,30,23,7,8,119,109,141,146,139,13,62,132,137,155,22,27,73,103,70,101,151,56,113,138,116,112,25,24,129,150,31,154,144,130,117,114,115,111,110
106,165,92,65,46,41,91,74,162,90,54,83,79,44,156,164,42,89,69,36,45,86,77,152,105,108,107,125,124,122,123,102,95,75,76,43,35,34,128,126,143,127,140,142,118,121,120,93,87,159,47,49,99,66,158,28,29,57,55,157,63,61,60,58,59,81,82,68,72,71,67,134,135,133,145,147,148,149,136,84,53,78,52,51,4,98,163,80,50,64,6,2,1,3,40,88,97,96,94,32,38,39,37,33,16,11,14,17,18,5,20,8,21,7,19,30,23,119,141,109,132,137,22,101,155,139,24,150,27,116,129,154,62,103,73,112,113,13,56,146,31,25,70,151,138,144,130,117,115,114,111,110
106,165,92,65,91,74,41,162,90,83,54,79,164,89,69,36,46,77,108,152,107,125,105,124,122,123,44,102,95,156,75,76,34,35,128,126,143,127,140,142,118,121,120,93,87,159,99,49,47,66,158,55,57,28,29,86,43,45,63,60,61,58,59,68,72,71,81,82,67,133,134,145,148,135,136,147,149,84,78,53,52,51,4,98,163,80,64,50,157,6,2,3,1,40,88,94,97,96,32,38,39,33,37,16,11,14,18,19,17,5,20,7,8,23,21,30,141,139,119,13,73,109,132,103,116,22,24,27,137,112,70,25,31,56,113,155,62,129,150,154,146,151,101,138,144,130,114,111,110,115,117
106,165,92,65,91,74,41,162,90,83,54,79,164,89,69,36,46,77,152,105,108,107,125,124,122,123,44,102,95,156,75,76,34,35,143,142,118,140,121,120,93,87,159,99,47,49,66,158,55,57,28,29,86,45,43,61,63,60,58,59,71,72,68,81,82,67,133,135,136,145,148,134,147,149,84,78,53,52,51,4,98,163,80,50,64,157,6,2,3,1,40,88,94,96,97,32,38,39,33,37,16,11,14,5,17,18,23,21,20,19,7,8,30,141,139,101,119,132,13,109,150,56,24,27,103,62,155,22,127,73,154,116,138,70,25,112,128,146,151,31,137,113,129,144,130,114,115,110,111,117
106,165,92,65,91,41,162,90,83,54,79,164,89,69,36,46,152,105,108,125,107,124,122,123,44,102,95,77,156,34,35,143,140,121,142,118,120,93,87,159,47,49,66,99,158,57,55,28,29,86,45,43,63,61,60,58,59,68,72,71,81,82,67,133,134,135,136,145,148,149,147,84,78,53,52,51,4,80,163,98,74,64,50,157,6,3,2,1,40,88,97,96,94,32,39,38,33,37,16,17,20,21,14,19,18,11,8,5,7,23,30,139,141,137,27,119,22,109,138,154,25,129,103,113,146,112,76,155,31,62,73,132,13,24,56,150,70,101,128,151,127,116,144,130,110,117,114,111,115
165,106,92,91,65,41,162,90,83,54,79,164,89,69,36,46,123,122,124,125,105,107,152,108,44,102,95,77,156,35,34,120,121,118,142,140,143,93,87,159,47,49,99,66,158,57,55,29,28,86,43,45,58,63,61,60,81,82,71,72,68,67,149,147,135,134,148,145,133,136,84,78,4,80,74,98,163,157,2,3,1,6,53,59,40,88,94,97,96,64,50,32,37,33,39,38,7,30,21,11,8,23,20,19,18,14,17,16,5,111,114,110,115,117,127,24,129,130,154,132,22,70,76,128,144,25,151,62,103,113,112,138,31,73,150,52,56,155,101,116,146,27,137,13,109,139,119,141
165,106,92,91,65,41,54,162,79,69,164,36,46,123,122,124,125,107,108,105,152,83,44,77,95,102,90,89,156,35,34,120,121,118,142,140,143,159,93,49,47,158,66,99,55,57,28,29,43,45,60,63,61,68,71,72,67,149,133,136,147,134,148,135,145,58,87,78,81,82,4,74,163,98,2,1,3,6,157,86,53,59,40,84,94,96,97,80,32,64,50,37,33,39,38,7,18,20,19,23,8,30,21,11,17,14,16,5,110,111,114,115,117,130,144,132,137,151,116,154,52,127,139,112,73,150,24,31,103,62,22,25,70,113,138,56,13,27,76,128,129,146,155,101,141,119,109
106,165,91,92,65,41,54,162,79,69,164,46,36,105,107,108,152,125,124,122,123,83,44,77,89,90,102,95,156,34,35,143,140,118,121,142,120,93,49,47,99,66,158,159,57,55,28,29,43,45,63,61,60,72,71,68,67,145,135,133,134,147,148,136,149,87,58,82,81,78,98,74,163,3,1,6,2,4,86,157,59,53,84,40,80,97,94,96,39,38,37,33,32,64,50,5,139,22,14,154,17,119,141,13,70,16,52,31,76,113,56,101,112,132,146,27,62,73,155,103,21,116,25,109,137,138,150,151,20,24,128,129,30,23,19,127,11,144,8,130,7,117,110,111,115,114
106,165,91,92,65,41,54,69,164,46,36,107,108,105,152,125,124,122,123,44,77,89,90,102,95,156,34,35,143,140,142,118,121,120,47,49,93,66,158,159,55,57,29,28,99,43,45,61,60,63,68,72,71,67,145,147,134,135,148,149,136,133,87,58,81,82,74,163,98,162,78,3,1,2,6,4,86,157,59,53,84,40,80,94,96,97,83,38,39,33,37,32,64,50,119,23,109,24,132,146,154,70,101,129,56,155,11,30,27,31,76,103,73,137,141,112,113,150,25,62,14,22,116,138,139,52,5,144,7,16,13,17,20,151,127,19,21,128,8,130,115,117,114,110,111
106,92,91,65,41,54,69,164,46,36,107,105,108,152,44,77,95,102,90,89,156,34,35,120,125,121,118,142,143,124,140,165,47,49,93,66,158,159,57,55,29,28,99,45,43,63,61,60,71,72,68,67,147,133,136,149,145,148,135,134,87,58,82,81,74,163,98,78,162,4,2,3,1,6,157,86,53,59,40,84,83,94,97,96,80,32,50,64,37,33,39,38,110,115,114,117,111,123,7,8,21,11,30,130,23,19,20,101,144,24,127,25,56,76,128,129,70,116,27,62,132,141,154,155,112,113,31,103,139,150,52,73,146,17,22,137,151,13,109,138,119,14,16,5
92,91,65,41,54,69,164,46,36,44,77,95,102,90,89,156,35,34,120,142,118,121,125,140,143,124,165,49,47,93,66,158,159,57,55,29,28,99,43,45,61,60,63,71,72,68,67,136,149,133,147,107,135,108,145,148,105,152,134,87,58,81,82,74,163,98,78,162,4,2,3,1,6,157,86,53,59,40,84,83,94,96,97,80,32,50,64,37,33,39,38,123,110,111,115,117,114,130,7,8,21,30,11,144,25,129,23,150,101,109,113,116,127,151,76,128,138,112,27,31,103,20,24,73,132,22,52,56,154,70,119,137,155,62,146,19,139,13,17,141,14,16,5
92,91,65,54,69,164,36,46,77,95,102,90,89,44,35,34,142,120,140,121,124,118,143,165,125,93,41,47,49,66,55,57,99,29,28,60,63,61,45,43,72,68,71,67,147,149,105,135,136,152,107,108,145,148,133,134,87,58,81,82,74,98,163,2,3,4,1,6,78,162,53,59,156,157,86,40,84,97,96,94,83,80,64,50,32,37,33,39,38,130,115,158,114,110,30,7,111,123,144,117,11,138,8,109,23,137,150,127,129,112,155,56,128,25,119,73,154,13,21,27,52,62,141,146,70,113,17,101,103,151,76,20,116,5,22,31,132,139,19,24,16,14
92,65,54,69,164,36,46,77,95,102,44,35,34,120,118,142,121,140,125,124,143,165,41,49,47,66,93,55,57,99,28,29,60,63,61,43,45,71,72,68,67,149,107,136,148,147,105,135,108,134,133,152,145,58,87,91,81,82,163,74,98,4,2,3,1,6,78,162,53,59,156,157,86,40,84,96,83,97,94,80,64,50,32,37,33,38,39,110,111,115,114,117,123,130,23,144,11,7,8,20,21,151,127,137,150,31,30,70,25,112,128,129,158,62,116,56,154,24,89,101,113,76,27,109,19,52,103,146,139,73,119,22,13,16,132,138,5,17,155,14,141
92,54,164,69,36,46,102,95,77,44,35,34,165,124,143,125,118,140,121,142,120,41,65,47,49,93,55,57,99,29,28,66,45,43,71,68,72,152,136,148,145,105,108,135,133,107,147,149,134,67,87,58,82,81,91,163,74,98,3,1,2,6,4,78,162,86,157,156,59,53,84,40,80,94,83,97,96,38,39,33,37,50,64,32,5,109,22,119,21,20,23,17,19,151,24,139,63,128,30,113,112,116,150,27,31,62,103,56,60,89,146,154,14,141,158,52,73,76,155,70,11,13,129,132,16,25,101,127,137,138,144,8,130,7,123,115,117,114,110,111
92,54,164,69,36,46,95,102,44,35,34,120,118,125,121,140,142,124,143,165,41,49,47,65,57,55,28,29,77,93,43,45,66,71,72,68,107,134,105,108,152,149,133,135,136,145,147,148,58,87,67,91,82,81,3,2,4,1,6,156,157,86,53,59,162,78,40,84,37,64,50,33,32,38,39,83,94,96,97,98,163,74,80,117,111,115,114,110,123,22,130,11,144,138,154,5,7,31,16,76,56,151,8,60,13,73,127,112,113,24,89,137,70,21,103,116,17,27,52,101,146,19,63,119,129,20,30,62,14,109,128,158,155,150,25,23,132,141,139
92,54,164,36,46,95,102,44,35,34,120,121,142,118,140,125,124,143,165,41,49,47,57,55,29,28,65,93,43,45,77,66,134,149,147,148,133,108,136,152,105,107,145,135,58,87,67,69,91,81,82,4,2,3,1,6,156,157,86,53,59,162,78,40,84,64,32,37,50,33,39,38,83,98,163,97,94,96,74,80,115,111,110,117,114,23,123,7,11,30,130,158,21,128,8,127,144,150,137,138,25,76,151,112,71,19,24,129,103,68,89,31,116,52,132,113,22,56,60,70,146,62,63,141,27,73,155,20,109,119,14,139,101,5,13,154,17,16
92,54,164,46,95,102,44,120,36,121,140,118,34,35,142,124,125,165,143,41,49,47,55,57,28,29,93,45,43,77,134,147,108,149,133,135,152,145,148,107,105,136,87,58,66,65,69,67,91,81,82,4,3,2,1,6,157,86,156,78,162,53,84,59,40,83,96,97,163,94,98,74,80,8,114,115,110,33,111,117,7,123,37,130,11,16,20,23,14,151,25,150,56,137,76,63,21,31,62,52,64,116,128,146,71,24,73,109,129,138,60,89,103,113,119,70,112,154,13,17,19,27,32,127,68,101,132,144,22,155,141,139,158,5,30,39,38
92,54,164,46,95,102,44,120,121,118,36,140,142,35,125,34,124,143,165,41,49,47,57,55,29,28,43,45,149,134,107,135,148,147,133,108,105,136,145,152,58,87,66,65,77,67,69,93,91,81,82,4,2,3,1,6,157,156,86,53,59,162,78,40,84,83,110,111,115,114,117,123,130,37,33,8,7,138,11,14,17,19,128,127,150,23,31,144,27,112,113,116,21,70,5,98,129,13,20,56,60,76,52,94,158,16,25,62,103,132,146,71,89,96,63,73,74,64,22,24,101,137,151,154,68,163,30,32,155,109,139,119,141,39,38,80
92,54,164,46,95,102,44,120,125,121,118,142,124,36,140,35,143,34,165,41,49,47,55,57,29,28,45,43,149,147,136,133,135,134,148,145,58,87,66,65,77,69,67,93,91,82,81,4,1,2,3,6,157,156,86,59,53,40,78,162,84,117,123,115,111,110,83,114,130,33,144,107,30,5,37,158,14,139,8,127,128,138,7,17,64,60,71,113,129,56,70,31,96,116,21,146,150,89,98,141,154,163,112,13,23,73,94,132,62,63,103,19,101,137,74,24,27,68,76,11,20,25,52,151,155,16,108,22,119,32,39,38,105,109,80
54,164,46,44,165,143,124,35,140,34,142,102,125,118,121,92,36,120,95,41,49,47,57,55,28,29,43,45,136,149,148,133,135,147,145,134,87,58,65,66,67,69,77,3,2,1,6,4,86,157,156,84,162,40,78,59,53,80,38,39,119,5,109,22,14,17,139,13,108,155,141,105,98,52,74,132,30,16,20,63,68,163,60,56,150,21,64,113,146,27,76,96,116,154,70,73,91,103,107,128,137,94,82,112,71,129,62,89,19,24,32,101,151,158,31,127,138,25,144,23,7,8,130,11,37,33,123,111,114,117,110,115,93,83
46,44,143,165,142,124,140,35,34,118,121,102,125,92,36,120,95,41,47,49,43,45,29,54,28,149,147,133,136,148,134,135,145,65,66,87,58,164,67,69,77,1,3,2,4,6,86,157,156,84,162,78,40,53,59,80,5,39,38,109,119,108,14,105,101,139,16,31,137,150,74,141,60,163,27,70,22,73,103,98,116,68,91,89,17,24,96,107,113,146,52,55,64,82,94,21,144,63,56,71,112,132,151,127,128,25,62,19,76,154,32,11,13,20,23,129,138,30,155,158,8,130,37,33,7,123,114,117,111,110,115,83,93
46,44,95,120,36,92,102,118,121,142,35,34,140,143,125,124,165,41,49,47,45,43,29,28,54,149,147,148,145,66,65,58,164,87,69,77,67,4,2,1,3,6,157,156,86,53,78,59,162,40,84,83,93,111,110,114,115,117,123,8,37,33,130,144,11,7,127,133,134,151,31,150,154,107,128,19,112,113,82,25,101,105,129,137,138,73,24,56,62,63,68,89,103,5,14,52,146,91,94,21,27,70,30,71,76,13,23,98,109,60,116,55,158,96,132,136,155,163,22,64,119,74,16,108,32,20,139,141,17,39,38,80
46,44,165,124,35,125,34,36,118,102,121,92,120,95,41,49,47,43,45,54,29,28,145,148,147,149,65,66,87,164,58,69,67,77,3,1,2,4,6,86,157,156,84,162,78,59,40,53,80,5,39,38,14,109,21,74,108,146,16,24,134,31,63,98,55,105,163,32,62,89,103,17,22,27,91,101,132,138,139,73,25,119,129,52,70,82,94,113,116,133,136,60,112,154,19,64,68,96,13,76,151,155,128,141,56,71,107,137,150,20,127,23,158,30,8,11,37,33,7,144,143,140,130,123,115,111,117,114,83,110,93
46,44,95,120,92,36,102,118,121,125,35,34,124,165,41,47,49,45,43,28,29,54,66,65,58,164,87,77,69,67,4,1,2,3,6,157,156,86,53,59,162,78,40,84,83,93,110,111,117,114,115,123,37,140,130,33,8,143,144,7,149,150,11,107,127,134,129,31,128,13,151,113,19,60,76,137,20,25,82,16,68,71,70,112,116,21,64,132,138,154,103,89,14,52,91,96,146,27,94,158,56,62,24,55,73,98,136,155,22,32,101,133,163,30,63,147,148,74,5,17,119,23,109,139,108,105,141,38,39,80
46,44,124,125,165,118,121,120,102,92,95,41,47,49,43,45,28,29,54,65,66,164,87,58,69,67,77,3,1,2,4,6,86,156,157,84,59,78,162,40,53,80,141,133,5,14,39,101,38,32,20,139,24,143,127,107,136,154,74,70,116,119,128,94,30,96,68,129,52,23,105,132,146,151,91,112,19,98,144,17,109,137,138,140,147,103,113,130,163,71,25,31,56,76,82,27,63,73,158,60,21,22,33,108,149,150,62,155,7,16,55,64,89,148,13,134,34,115,123,35,111,8,117,110,114,11,37,93,83
46,44,95,120,102,92,121,118,125,124,165,41,49,47,43,45,29,28,54,66,65,164,58,87,77,69,67,156,157,86,53,59,78,40,162,84,115,114,111,110,117,83,93,123,130,140,2,5,143,129,34,8,37,62,149,63,3,134,144,146,35,127,55,116,60,150,91,7,76,89,128,158,14,30,33,138,154,96,11,19,56,73,98,103,133,137,64,82,21,27,68,94,31,151,112,155,70,113,16,25,107,108,147,148,20,52,71,1,17,22,132,163,109,6,32,24,23,101,105,136,139,74,119,39,13,38,141,80
46,165,124,125,121,118,102,92,120,95,44,41,49,47,29,28,54,65,66,67,69,77,87,86,157,58,164,156,84,78,162,40,59,53,80,1,139,141,39,38,5,3,147,13,148,16,24,68,23,74,52,6,25,62,105,64,91,19,43,56,89,98,133,163,73,7,22,31,32,94,63,154,136,55,82,155,112,76,101,108,113,134,151,27,70,109,96,116,14,129,150,30,71,60,103,11,17,20,107,132,146,158,8,138,21,119,2,137,127,144,149,143,33,34,128,35,37,130,140,123,115,117,114,83,111,93,110
165,124,125,121,92,118,102,120,95,44,46,41,54,29,28,49,47,65,67,77,69,66,87,86,157,156,58,164,80,84,40,39,38,139,141,5,1,3,14,109,23,133,119,136,6,21,147,148,116,53,63,55,158,19,62,68,98,101,25,52,60,76,78,94,70,96,105,146,162,20,82,103,27,56,89,91,107,113,134,155,163,71,30,2,13,43,73,138,112,108,128,31,64,17,22,74,129,132,16,127,150,151,24,137,154,32,144,143,149,11,7,8,34,33,35,37,140,130,115,114,117,110,111,83,123,93
118,102,121,92,120,95,44,46,41,54,29,28,47,49,67,66,65,69,77,86,87,157,156,58,164,80,84,40,38,39,1,5,141,139,78,132,108,6,136,147,55,148,24,109,119,25,101,53,155,162,27,19,20,70,73,105,107,124,163,21,43,91,3,23,52,62,68,89,94,98,133,74,82,96,2,134,138,30,76,127,13,22,56,60,113,137,158,64,63,128,103,16,71,112,143,146,150,154,31,116,144,11,149,14,129,32,151,17,125,8,7,140,37,130,34,35,33,123,115,117,114,111,110,83,93
102,92,95,44,46,41,54,28,29,49,47,65,67,69,77,66,86,87,157,58,156,164,80,84,40,38,39,2,16,107,119,133,109,11,25,141,155,162,23,139,78,21,124,1,5,24,129,134,63,94,7,14,19,20,91,105,132,147,53,70,96,68,74,89,27,43,73,101,148,82,56,62,116,154,158,52,108,118,138,71,98,103,13,64,76,163,112,113,6,17,30,55,136,137,146,151,31,60,22,8,32,150,3,143,128,144,149,127,140,33,130,34,35,37,125,123,117,120,115,114,111,110,93,83
92,102,95,41,54,29,28,44,49,47,46,65,69,77,67,66,80,84,40,39,38,5,1,6,141,3,139,162,78,14,20,19,25,136,132,151,11,21,22,63,98,119,148,32,43,109,157,13,17,31,52,62,68,76,105,108,133,147,163,53,60,74,87,89,96,27,91,94,116,164,103,70,71,113,155,82,134,24,124,144,64,101,107,118,138,146,149,150,86,73,55,112,56,16,23,129,137,154,158,30,143,128,127,156,2,125,7,140,8,130,37,34,33,35,123,115,117,114,120,111,110,93,83
49,47,46,44,54,29,28,41,67,69,66,65,77,2,7,83,93,110,95,111,114,115,34,117,33,123,120,35,8,37,11,125,130,140,143,16,146,149,144,64,23,128,98,107,127,157,158,163,70,60,129,132,134,71,25,30,68,92,147,74,52,56,112,164,19,24,43,101,103,116,118,136,87,94,55,62,78,86,96,20,76,82,155,22,63,91,113,27,124,151,154,156,21,31,73,139,53,89,138,162,32,105,133,137,150,14,108,109,13,17,141,148,119,38,5,39,3,1,40,80,6,84
46,47,49,41,69,66,67,77,65,120,111,110,93,8,83,7,95,114,37,115,117,35,123,2,33,34,11,130,144,140,149,125,158,30,143,107,101,138,156,163,21,74,128,134,150,63,13,31,54,60,116,151,103,71,98,70,92,27,52,112,148,53,96,20,23,25,124,14,17,32,62,113,118,137,147,162,64,76,89,19,82,86,87,129,132,146,164,73,91,94,44,68,78,105,127,133,154,155,24,55,139,22,157,56,136,141,43,16,108,109,119,29,5,3,1,6,40,39,38,84,80
77,65,66,67,69,84,80,40,39,38,141,2,139,44,157,55,148,109,3,119,133,7,147,14,54,164,43,5,11,124,154,155,16,70,116,129,52,25,94,151,78,86,32,53,71,73,89,91,128,31,60,87,105,107,118,137,24,27,56,113,162,92,6,68,74,76,96,112,146,103,29,62,98,20,63,82,108,132,136,64,163,13,17,19,21,101,134,143,22,23,1,127,138,144,150,158,8,30,149,33,156,34,35,41,37,125,130,140,123,120,117,115,49,111,93,95,110,114,83,47
80,84,38,139,40,39,54,141,14,133,3,25,71,19,2,55,116,16,29,5,24,109,155,163,137,148,157,76,17,22,31,62,63,98,105,119,128,52,64,125,162,86,87,92,96,11,68,70,82,103,108,78,21,44,89,113,6,7,56,60,74,112,124,132,136,151,94,118,53,66,32,73,77,91,138,147,150,43,65,1,27,107,144,154,164,143,13,20,134,146,127,69,101,129,149,158,8,23,37,33,30,41,130,156,34,140,35,120,123,117,114,115,111,83,93,110,95,47,49
