0.12095835906380503,0.09951326506788005,0.08935373801217616,0.08448239640072674,0.0818405685333955,0.07965004416105181,0.0760960446713147,0.06706067371318947,0.03778538736288706,1.4320824526237175e-8,0.058225891825702925,0.23033890600098184,0.4779171222412586,0.7246557460486309,0.8585552484339416,0.9245209376137422,0.9602236319238137,0.974610013786685,0.9803924109245961,0.9827906823264961
3.891901578789714e-8,1.7840631638676996e-8,8.265041762101077e-9,3.909914059185837e-9,1.9317863975132354e-9,1.0382525950092258e-9,6.437624877619896e-10,4.784720397665865e-10,3.7892000648298563e-10,1.7576173849676024e-10,5.780005363220653e-10,1.5189224322753603e-9,2.668917975512386e-9,3.479761478963894e-9,0.37974333354689604,0.752596884202918,0.8787735902057879,0.9285957791468211,0.947221637062128,0.9600303366825186
0.13707712570732156,0.0002691634177796054,0.00012369684369606393,5.675353799994287e-5,2.6133247174708885e-5,1.2171019929008153e-5,5.823987141551079e-6,2.9658292982626122e-6,1.7422231776142993e-6,1.514890841991523e-6,1.6812159884249667e-6,2.6506846474427803e-6,0.14050562643684172,0.4301227112061058,0.7094285226482142,0.8770539976680854,0.914689360396353,0.9163365973741495,0.8359747516813695,0.6564015401973091
4.049584314058663e-5,1.8440406777786578e-5,8.401967696802792e-6,3.833132355635094e-6,1.753908107859914e-6,8.081077204069587e-7,3.7883844961061897e-7,1.8616229258139327e-7,1.0507219017075187e-7,9.462722794228995e-8,1.8171075755191168e-10,0.120665162627548,0.3865493146085608,0.569077741245001,0.7525658802193864,0.9015422321799526,0.934106191785948,0.9468285899102471,0.9522941264147777,0.9589244901318108
0.5334738915150128,0.7863768521932503,0.9021702368103253,0.9550145533023684,0.9630042242040744,0.9635016531466499,0.9647714581190758,0.9674006675921939,0.9707876462007885,0.9653909070105335,0.9332603030465425,0.8880585717899092,0.7889508915228036,0.4412806855828244,0.2963813418914324,0.6373442023479654,0.7734402286978705,0.8264021931939476,0.8833402263135794,0.7727563431896121
0.8422103620940941,0.8862331795925484,0.8860832923778619,0.8862577631966498,0.8868652802205998,0.8882766836690126,0.89128887714684,0.8973063333375277,0.908348062699579,0.9010397550094587,0.827401114253959,0.7322754931996012,0.5340684602065353,0.01959034001222959,0.5357286608354754,0.766133682770856,0.8282990750352514,0.8533736162946062,0.8950409274056458,0.929995774634931
5.7787730632918866e-6,2.6349251598389856e-6,1.2056068033894363e-6,5.553929155466264e-7,2.595374599678735e-7,1.249207163267485e-7,6.368120752942019e-8,3.5768052741858014e-8,2.276410571155907e-8,1.7282195119427968e-8,4.019943267152826e-9,1.1337745298156676e-8,0.15834491788396654,0.4497359111443049,0.7198214155746776,0.8740311339610584,0.9080438603488147,0.9215141306583835,0.9308525104365752,0.9515348960758482
0.8745886444427423,0.9086239233255159,0.9091245119153842,0.9096096671750207,0.9103908677260335,0.9119526997593222,0.9151916882410059,0.9216621122515984,0.9287162039315707,0.9153550850879019,0.8352391910429483,0.7417284930981638,0.5447088065102131,0.000707627309598835,0.5301532054622804,0.765839737977229,0.8280241907088693,0.853178526056509,0.8950143555358789,0.9397011105526905
0.1238318204854858,0.12371500457844431,0.1235942851844467,0.12339011035094505,0.1229658081296009,0.1220284605396742,0.11989476414756928,0.1148732952684729,0.10234052470501087,0.07148280970728838,0.2904930614917002,0.2651939411206914,0.06848697447605123,0.4607323157212896,0.7350075538088775,0.8647448983513752,0.9049079017352842,0.9202899990108965,0.9298716647126567,0.9511301046554844
0.7671043622544208,0.6514824101463533,0.18712912136667137,0.04947201569316384,0.045506954727692284,0.038091944104967856,0.022949297408898173,0.00658068652922561,0.026744200808756835,0.08048431012553026,0.16146533398241147,0.33974216620463826,0.6134452333503275,0.7998880930501195,0.8656350360026703,0.9180180290245037,0.9489409686970908,0.9607217673396099,0.9413244592573711,0.8762523782124155
0.9160930040700653,0.9168717314344056,0.9173511864794299,0.917843836494405,0.9186653888469591,0.9203232462320865,0.9237598769678163,0.9305852939121729,0.9356331912441483,0.920015881402336,0.8331154584437108,0.7126578443570599,0.48455070815934875,0.07781897201265431,0.5588944186674796,0.7812933240656383,0.8347191612477657,0.856842127530389,0.8967528697725816,0.9401852561615169
0.8806305540179679,0.8663681119596883,0.5096844974335513,0.002948751914632508,0.02588976541504151,0.029198251478593895,0.01872342023953988,0.0028299160334167572,0.0238923100668329,0.08139962229824438,0.15950095762688266,0.3368354859796011,0.6142561735236356,0.8009061694149714,0.8780838558568989,0.9290357362217084,0.9619739869881555,0.9762945826753173,0.96583880041375,0.9366654291695501
0.19697003584889106,0.19693898949971178,0.1968533902621571,0.1966569051208369,0.1962190579315256,0.19524357255862435,0.19304731466902025,0.18800989355339204,0.17604267551372665,0.1558151190935625,0.33614004637664396,0.2462412070706591,0.17827077724741036,0.17066315515268182,0.6159334053913064,0.8137049488991466,0.8647239087379356,0.884736203414699,0.9090508206372558,0.9439582815887054
3.510319476207613e-7,1.6018179616050787e-7,7.322688888589113e-8,3.360497236037929e-8,1.5577518830411918e-8,7.371403154543543e-9,3.640280521466366e-9,1.94918892137963e-9,1.1927770993125364e-9,9.7456087644332e-10,3.634433864974085e-10,6.807389096863403e-10,0.1923767020158581,0.4896017228648424,0.7325123331584356,0.8773116234313825,0.9148413732232962,0.929025632589159,0.9318759251431397,0.8559590651710229
6.584744026594258e-6,3.007738667348825e-6,1.3766858009134353e-6,6.33703964525445e-7,2.9541714108294315e-7,1.4143201609861933e-7,7.135823221204873e-8,3.949326188301683e-8,2.5134489045619546e-8,2.038740365417624e-8,1.2523574399736503e-9,0.20292249458948974,0.3792065485696411,0.5687389404208827,0.8150307628241311,0.8778418661208989,0.8983071844514348,0.9070499259520861,0.9187146102305499,0.9463309397746063
0.540526046492544,0.6676394046944063,0.668413559116694,0.6679923002054486,0.6660900493160797,0.6614414753520497,0.6508984041208938,0.6515674496262505,0.6946557215182065,0.7389176794985747,0.7794833873099944,0.8229069905948677,0.8589750643343267,0.8884945444507485,0.9008119467120463,0.9346366572902737,0.9495739369717185,0.9555891153567284,0.9585918853007687,0.9596129594085917
0.15040920823664472,0.15025213796699532,0.14997053305753938,0.14938167554157777,0.14810584172583463,0.1453332283360883,0.1393740644149919,0.12694956436776317,0.10204054992807343,0.027820398430473126,0.37349062494214225,0.3811739437445515,0.038402069238399394,0.43602357280717186,0.7446250833777712,0.8619462810766322,0.8989536651327886,0.9137881478237413,0.9243209847958631,0.8618215068755773
0.7013162188242531,0.3616084765726497,0.07952837480444341,0.07818755642039132,0.07559738816408612,0.07019835408354913,0.05907234180465637,0.03744601395535174,0.005633560688027783,0.038267644367921516,0.16285016255564788,0.3461882726476099,0.6126164972556588,0.8012686337033772,0.8680501261635307,0.9192211363917604,0.9514812245596296,0.9638213905216045,0.9501153632522735,0.8954271548125883
0.20184315703632894,0.14652602691013528,0.14630880682763814,0.1457133771497281,0.14435574494835646,0.14137427697103389,0.13495191097114279,0.1215595674516603,0.09478232796383212,0.020777662363033578,0.37942256214446757,0.4793162645212633,0.3606296139486139,0.22609033496242936,0.652612942328068,0.8248183163391039,0.8717805705161928,0.8907331039133971,0.7884696559762004,0.5527734836706247
6.861503201283092e-6,3.1302014203982154e-6,1.4327355211118942e-6,6.603224440571154e-7,3.0882280221966596e-7,1.4889090893532853e-7,7.615460995147316e-8,4.30175618459927e-8,2.751904293329943e-8,2.040834645722356e-8,2.577664859337858e-9,0.1166616499269022,0.3656561454465753,0.5618792270267977,0.7643379511171211,0.8909487851184397,0.9208138074170681,0.9324483472217534,0.9388498742343176,0.9547279063507951
0.7205082567076224,0.7085478421540041,0.6772090573616645,0.21041916973457941,4.9820583399529106e-5,2.3561007131744915e-5,1.2047388960878536e-5,7.082834187377429e-6,4.846350846965386e-6,0.04764629472527737,0.16391413102724484,0.3400098962423437,0.6168267476182613,0.798685027461078,0.8790841174283551,0.9355576674330558,0.9647435834237116,0.9812032833939168,0.9876507401538271,0.9897294991301506
0.5577962996154737,0.016242216399742326,0.0505582499677526,0.04910690347586466,0.04588565121744448,0.03892606253013475,0.02432017898318717,0.0047419532856868285,0.031047785241349546,0.09660243177802219,0.16288389543205517,0.3375192162599575,0.607113023349596,0.8009166044999304,0.8634625772056648,0.9171921984206279,0.9473818881974775,0.9586560237445969,0.9634717510473647,0.9535604879831787
0.5582333522129319,0.6526066233113517,0.6540614117380184,0.6557235993905332,0.6586549966810594,0.6646573874598298,0.6771250696662885,0.701936902395969,0.7283677472567807,0.6765876257641203,0.3121846981390888,0.03923133268670265,0.2599895930763564,0.539100633226294,0.7998672528587607,0.8521659463219051,0.8752821001668007,0.8849179675554757,0.9067549210046814,0.8366241452214798
0.76304714036926,0.7799923729067438,0.7788883408488252,0.6545508174685015,0.4944860696191843,0.3379035471208709,0.21705814858807349,0.13201875601920587,0.10630749563504349,0.138799391254379,0.1522929113997621,0.3277702022692124,0.6075150323754541,0.7930951232469634,0.8765847646117696,0.9347078842394463,0.9662061138691248,0.9826463356040223,0.9893860871612362,0.9867150494038841
0.7471688977173265,0.8497021258901574,0.8495394285309099,0.8497254358323648,0.8503758117320299,0.8518867400870179,0.855107998107556,0.8615307922695554,0.8735005915274563,0.8705047159838563,0.7952735145979178,0.6990712291490302,0.4876018978309842,0.08946140749228793,0.5625728671160923,0.7743885774242777,0.8321953472041477,0.8555997707595682,0.8959411462303362,0.8906897536037155
0.4067867303028204,0.7251989130311766,0.6952907287134382,0.318962159617174,0.062122691714252,0.05661066133761894,0.044083758889106206,0.01858781426927314,0.01273589684908738,0.04369507373169623,0.16762217579875494,0.3495460938955819,0.5985955483280442,0.7797367102453943,0.8279778698141794,0.8928773094416496,0.8614842379284835,0.7216320531353266,0.41382042173695677,0.007146362366376113
0.06897453386140429,0.06900445169465685,0.06855677047816966,0.0673461386732559,0.06461042527030714,0.058696206716721044,0.04635531616027,0.022010422583376155,0.01106006499962553,0.05672627367612881,0.16925074790326744,0.3473192027670926,0.6068443157080241,0.7839709174480247,0.8281394295543837,0.8933636058061541,0.9168682360654736,0.926564285099137,0.931276896335365,0.9400294887286125
1.4661347778388567e-5,6.687838993046924e-6,3.0592034823140324e-6,1.4077570452686317e-6,6.561487445599923e-7,3.1409301703977377e-7,1.5843344747246135e-7,8.751669799966777e-8,5.4966201701311945e-8,4.5068530463154843e-8,4.370414141696699e-9,1.6036921235418333e-8,7.27942485179156e-8,0.3024497874185317,0.6673287370292512,0.8369345704704412,0.8849217971053731,0.9039937397569169,0.9194525580111532,0.9473908436293056
0.12453937263333048,0.12458194293371694,0.1245056258261854,0.12425914608509991,0.12368052615486558,0.12238851371616766,0.11952884344694992,0.11322767952727597,0.099332571152844,0.06939326272047719,0.2699763846276114,0.22683418394936194,0.09880901957855581,0.4591074528058847,0.7388983304550376,0.8551202702560794,0.8852905644743805,0.8976697310625725,0.9147724039695029,0.9075447168143859
0.5068918579100747,0.06422330633677309,0.06427639549484443,0.06324994715513155,0.06050739056885879,0.05438679404226798,0.041486907717480426,0.015812952288220772,0.013852958359722,0.05588964431316812,0.16318090862361978,0.34490870005394203,0.6100129474124751,0.7958192861618365,0.8558002728406793,0.9154784805485626,0.9423908150560225,0.9532934343511633,0.9578832310064372,0.9259379874692399
0.6499795587870014,0.22402044051955983,0.07579564770804625,0.07433616538829291,0.07163102601525806,0.06604775678178776,0.05456680560638327,0.032262487865159395,0.006396498661251582,0.0487101714058209,0.1633334335056711,0.3443572813210045,0.6135330804214506,0.8021182182563615,0.8665760874052999,0.9186189276110301,0.9502083719271072,0.9623817620567617,0.961631510376234,0.9192632016444375
8.341270750367169e-5,3.834083203602123e-5,1.7570394451049687e-5,8.063189924301106e-6,3.7252221111172545e-6,1.7493604406171315e-6,8.514633038636532e-7,4.468464319673515e-7,2.7289395865270905e-7,2.409472249498279e-7,1.3408141852355726e-7,2.453107629252216e-7,0.1815672695548204,0.48104483775639906,0.7387010954672845,0.8704594200205207,0.9002669021949474,0.9125236225435157,0.9240058058093593,0.8938790326156374
0.12615766551822494,0.12611790314033178,0.12600813582910964,0.1257567264286743,0.12519973328138323,0.12397469196125,0.12129180072411372,0.11547620499161604,0.10296258830986738,0.06727497989821485,0.05809397894475676,0.21837937619533954,0.41521261210328586,0.6038428291763037,0.8221865480743886,0.8786828449757926,0.8990008244594838,0.9076580763384067,0.918829419292947,0.9463371195310931
0.21112205251600213,0.05415994241411948,0.05327504201053357,0.05170088426982855,0.04843512869661992,0.04146207694258963,0.02676473437787985,0.006393383732210545,0.022643197277641858,0.06489513705160055,0.16964503709254297,0.3471966478394416,0.606761854819192,0.7781649092661609,0.8245327534277416,0.8846829914644222,0.9072629014062169,0.9158991030523403,0.9222799291510313,0.899391253692194
0.14617145193717185,0.14610349624152041,0.14584586724694848,0.1452307905936684,0.14386045905225586,0.14085962066720892,0.13437576913801297,0.12075993266929175,0.09328597821964124,0.019741105985433993,0.38607103307736745,0.48235272200956625,0.4029617085637809,0.4416807455774556,0.2889024426660298,0.6610651090832524,0.8020745224379996,0.8581485539077104,0.8470861285174289,0.6970377403330706
0.7291121626975707,0.5870875038290029,0.15101141831974552,0.047016330435286524,0.04443176807852511,0.03765105030789151,0.022809369639649857,0.006097155207137717,0.02638537431182031,0.08023796085102608,0.161508391178098,0.3397904383721544,0.613543872472055,0.7999839060055247,0.8656146943812948,0.9180071518919798,0.9489264001618943,0.9606952866525251,0.9368086774199511,0.8667424896239277
0.7560772831012181,0.7664011088311223,0.6284844879068723,0.18938855528223375,0.05905570740998689,0.048729404446368085,0.03321330500832187,0.005660084194965664,0.022600652253074838,0.08046715159168394,0.15959513009130877,0.3367615175635267,0.6148109692404375,0.7988347338387145,0.8780224691560665,0.9313522041576693,0.9629006443652899,0.9711501120316781,0.9480991040732787,0.8971759169137247
0.05664872884498351,0.056257558679133846,0.05555423839640983,0.05408517743916219,0.05091566353989585,0.04409099779315029,0.029684293284928276,0.006376419248864007,0.019495561359336833,0.057539703237772466,0.16721790180521412,0.34759783693813884,0.6021313290476227,0.7816588672497735,0.8282490669939748,0.893626198893979,0.9171052184703326,0.9268093916495515,0.9314450773243994,0.950152571959336
0.5477065115334148,0.014290929559276355,0.0756784257402997,0.07438424848854053,0.0717368792061408,0.06613725257944414,0.05452749093917564,0.031761457379452684,0.0075157793529737615,0.04139846617770693,0.16561522763448022,0.3478544356133707,0.6086529608020156,0.7925195870142219,0.8453057824489922,0.9112754782826478,0.9351238580106427,0.9458804423762709,0.9439839211347932,0.8803801300344339
0.7475984421865877,0.64403054671073,0.21798311470528564,0.06012672145606468,0.057446956325578835,0.05125738889301068,0.03813457334952608,0.012029470726264702,0.016895744246143818,0.06754581598673115,0.16495815448842632,0.34387500002336213,0.6113483488079285,0.7927828705510978,0.8460800052113315,0.9118244079631046,0.9353260768313568,0.9430111672582455,0.8819999224299168,0.7480187986694586
0.8702213676155932,0.9424972901832787,0.9583461090507953,0.9622584363965077,0.9642710097247682,0.9656981930169536,0.9674227846747104,0.9703352744717663,0.9724172369284633,0.9663691957174699,0.9335942915847036,0.8910375181518502,0.796816596331108,0.4578205723790546,0.27327866586227434,0.6301980379065957,0.7704743927749,0.8253521551048502,0.8829266817309704,0.9362628807809786
0.19653838240736865,0.1964635226253536,0.19635395301211533,0.1961378296331886,0.19567245700742286,0.19464647177997507,0.19235773321529515,0.18719124498891682,0.17524145140960512,0.153649598123752,0.3262382731417971,0.13987407364890647,0.22202435589628955,0.516036572585206,0.7628906975870607,0.8624943754041858,0.8893939911427811,0.9006019653940641,0.9160099760333131,0.9457465601401984
0.5788444790756155,0.7449938285837716,0.7421255099357238,0.7359170090456808,0.72271622579101,0.5229874419221973,0.09484843152772404,0.006360363692139659,0.011617351444636825,0.07503064197126175,0.16133060597703763,0.33792388277658714,0.6145396800040746,0.8011100848783026,0.8774426921153248,0.8818285407965422,0.8349618131833695,0.7322282530254105,0.5028599573656556,0.0029962933573660644
0.9076242109744933,0.9073223822805075,0.9073196358380863,0.9076130719086929,0.9083881542311648,0.9101212530085937,0.9138003498492647,0.9211761728417407,0.9267800771945027,0.9103951046779215,0.8172373002982923,0.7029143604295625,0.4803337400408568,0.08688155562093414,0.5640723750085415,0.7815389726240565,0.8350132598363009,0.8570526226151464,0.8967788487560394,0.9401901848687937
0.4461321830894299,0.06670462780247288,0.0659597866069297,0.06457432454292877,0.06167033807698552,0.05547317837961174,0.04249408992964565,0.016479955612222263,0.013218063915759526,0.0458394295594855,0.16785304670668022,0.3492920974153889,0.6002614838720093,0.7813460479519878,0.8280690954706684,0.8931416145224743,0.9166640186729033,0.9263248223942672,0.9311277506387832,0.851745795423855
0.31209465469472075,0.0800551822727974,0.07933700034563151,0.07809649217766956,0.0755523147616024,0.07017412703627712,0.05905723838244237,0.03743418133179888,0.005637010068514692,0.038272408864398755,0.16284919725329805,0.3461873056290369,0.6126133930273312,0.8012710693912014,0.8680519688518313,0.9192212739189526,0.9514816592976814,0.963822289221034,0.9687632238370238,0.9556433950933646
0.7323470712219211,0.719635374913085,0.7067038358094522,0.647314740537174,0.15769928301988023,4.846978475636643e-5,2.455021703962057e-5,1.4374662612781641e-5,9.806933759515246e-6,0.00910630731072648,0.168073984063014,0.34436374394847646,0.6201127972791549,0.8006498206771593,0.8802730600084814,0.9361581851762917,0.9650586851561594,0.9806466576272278,0.9869819455129649,0.9833332413549465
4.757493672891133e-5,2.1665032492457215e-5,9.88146928304623e-6,4.520308861888367e-6,2.080965383122191e-6,9.715757819384052e-7,4.6831782618550477e-7,2.4273271104213734e-7,1.4772762468862055e-7,1.359440175985327e-7,0.02076425156961914,0.26421504991305267,0.49643392251411955,0.6438318699075554,0.8092068311643421,0.8733742414568967,0.8962333809006048,0.9059889447610434,0.9177809945068969,0.9460632079754534
0.7634945931480609,0.8355028715560112,0.8351295178334501,0.8354819662038927,0.8367798664651385,0.8398161659877645,0.8463121707558635,0.8593468387850078,0.8693761289834651,0.8409109053554849,0.6662500753254471,0.4776662378441655,0.15827290991642173,0.3418613187957853,0.6839539974286157,0.8232904223982226,0.8565085978875695,0.870733624750891,0.9022513426976042,0.9003348992502843
0.7529789304388024,0.7596140922417132,0.7634617275964761,0.48076291724253306,0.0630758031099865,0.050667678289536555,0.034219080833995386,0.0063108452606106535,0.02308222147559147,0.08077957185712714,0.15955168745094395,0.3367133299935936,0.6147554979227655,0.7988315558952426,0.8780202267520162,0.9313516703885171,0.9629084797164161,0.9551197832799745,0.9192296485373322,0.8399763769837452
1.0032994952280383e-5,4.554735852368985e-6,2.0735333030597047e-6,9.467730429646437e-7,4.3455919485069217e-7,2.0175496162622153e-7,9.628581654208546e-8,4.9269729851531e-8,3.0008958873395386e-8,2.8292675535723788e-8,3.27845400827087e-8,5.5963139122816585e-8,8.123625094835774e-8,0.3365583483293332,0.6807769368737124,0.8465759840914883,0.8803044427155262,0.8937933048470321,0.9134900564545844,0.9080861665527058
0.12417786355042959,0.12407384171947888,0.12392661474482314,0.12364052006000892,0.12302881441442282,0.12169213824635872,0.11876296065296055,0.11239075672663845,0.09861017478645373,0.06767913468576148,0.10117791793360342,0.08299695109338256,0.3494890236916436,0.5794036523040775,0.8005335128084218,0.8708215654178867,0.8941804469434812,0.9041980148815896,0.9173998309963326,0.8544554699354105
0.5968984645980052,0.122109877368619,0.07569898469096159,0.07439389320748746,0.07174154339150962,0.06613965860593762,0.05452889643758596,0.03176247295637025,0.007515474014961998,0.0413981832388024,0.1656152711080745,0.34785445391980574,0.6086530484577821,0.7925196529087767,0.8453057185689451,0.9112754561787018,0.9351238294721137,0.9458803783384693,0.9370684797234793,0.865612659500385
0.03495097126814273,0.04949713435151071,0.04965150169715815,0.048538009080828615,0.045419583977068356,0.0383663557387518,0.02330129546505344,0.007196864372189804,0.02362741523838252,0.06853210009563038,0.16440734538717428,0.3444817515248688,0.6084853235231333,0.7893429114749566,0.8403921029467292,0.9073655469513681,0.931170248237611,0.941313046783741,0.9456217494137874,0.9476645182623499
0.7907915997842072,0.7932783915478998,0.7947033880185839,0.7959996512118217,0.7980003717358776,0.8019446374963213,0.8100876801173597,0.8263115620497485,0.8372432805773304,0.8013866162526124,0.579548551433215,0.37232380989002745,0.036374838902077156,0.4037435677110386,0.7173037973066152,0.8323060818972683,0.8621874360723861,0.8746679337462648,0.9035619908248727,0.9418283443159774
0.17880109200022942,0.6297534153790957,0.8317672030706917,0.8782994440841345,0.8805210902793801,0.8830936955063112,0.8875245243278739,0.8959266887483133,0.9072881675668356,0.8911720305203946,0.7842227565356383,0.6407325923396858,0.3801266923877775,0.18669502748634925,0.6054566467342486,0.7979196693995847,0.8427890925746868,0.8617947153030503,0.8350662733833195,0.6495472079388489
0.47102640037556665,0.46985966342813934,0.4689684714799548,0.46777192899704234,0.46549624524974276,0.46069012018846534,0.45037007904847126,0.4329999565011424,0.4638996147675284,0.5091453224922293,0.5776561355283141,0.6552392320996705,0.7439856026191771,0.8310211134846471,0.8574504267495634,0.9056761652993586,0.9236488555440905,0.930927540017897,0.9343449663682221,0.9424465547216258
0.21980302093636206,0.6418242936089129,0.835827313653791,0.9245270646689958,0.9631773050763555,0.9635832208839743,0.9648114648759638,0.9674220124036922,0.9707944242250199,0.9653903190094055,0.9332554944385159,0.8880460676434793,0.7889327518608997,0.44119158728857444,0.29642583743515305,0.6373253730966535,0.7734832050972649,0.8264348153047221,0.8106856155782949,0.6181034675856998
0.4893731374964504,0.7056788296062999,0.7061521270865401,0.7053690174019647,0.7028073984192312,0.6967490278729846,0.6830149971489208,0.6728417461603687,0.7086919946009771,0.7833618973238328,0.8502852156074787,0.8943402822159483,0.9170686922509415,0.9301150366997408,0.9358854296525788,0.951966218425066,0.9650178135801873,0.9708248694330892,0.9733512734746581,0.957412269203819
0.5434317476934378,0.6221598035437735,0.6237624758485769,0.6237534266966543,0.6221159665369118,0.6177656581967195,0.6077890623082463,0.607900153012906,0.6522759106988962,0.6917650530616918,0.7284859699484592,0.7710527726420684,0.8160100970146971,0.8657897544015017,0.8826540205975034,0.9260430120287024,0.9392300206394315,0.9462224174645151,0.9492415506249433,0.9569931664105887
0.47526140958658325,0.050597976340607365,0.050338400276173645,0.04903375605385285,0.0458594002817605,0.038868928598910224,0.02409305846215659,0.005648136393065384,0.027091408760692604,0.08294670861362718,0.16139428861534966,0.339051742930382,0.6127756687941941,0.8008977841945091,0.8676196840212942,0.9186679522853143,0.9503441941920401,0.962515036911375,0.967353500816749,0.9614215168871427
0.12501212805089112,0.12494645948282057,0.12482008664547639,0.12455062976394438,0.12396257013574807,0.12267408912020572,0.11985850724361491,0.11377591685538913,0.10076183678760275,0.06625854145572285,0.11847206724643233,0.25626056268554076,0.4442803855917077,0.6237630985641744,0.8227788402961922,0.8791672893985152,0.899340611171252,0.9079225845557356,0.918894261450172,0.9463417206232063
0.6612247181875128,0.26011702818975946,0.0726086482561823,0.07123541745642159,0.0684721821074128,0.06263858290100732,0.050496980469526886,0.02643111214234828,0.01007553697763286,0.03945375022695419,0.1652704590308669,0.3494618690281631,0.6041198145482319,0.787885649328685,0.8390380820671945,0.9064512853742895,0.9307622563917012,0.9408306148192527,0.9121458558091925,0.8119221028051893
0.008436736010823287,0.1240791430985112,0.12397516175399537,0.1237120399552818,0.12311682662068502,0.12179541186932752,0.11886478434454129,0.11236504736838471,0.09788008783867219,0.07128385798730608,0.27231161739527265,0.23210539223184734,0.1430757035197563,0.33512170310235656,0.6805495184055207,0.8343854949969836,0.8745897170976227,0.8907071719553569,0.8440873676826602,0.6688252413721778
0.22504038405283644,0.41157755909750093,0.7304758183807586,0.7735996160786308,0.7717300062540495,0.7678515065619658,0.7610522983459868,0.7688388186632149,0.8042831810627027,0.8352603186044658,0.8581482476437039,0.883335253297107,0.903249649178226,0.9185583353802553,0.9245049849384591,0.9457613012120453,0.9598708452074903,0.9660293842531911,0.9530310849404977,0.8983191955653327
0.5504554515623896,0.5488945507133547,0.5486633441826746,0.5496081186491248,0.5523212379819995,0.5584557726229084,0.5714653843999279,0.597490233641166,0.6381035861214899,0.5900835217986429,0.22657997224269866,0.019400913598259573,0.30170026907362946,0.5662783760176313,0.80018363661073,0.852595517738505,0.8757843010772278,0.8853844729544345,0.9067941752866527,0.9263138139602313
0.724692831857818,0.399651590464441,0.04616978772945135,0.0455068576037061,0.042564202815508434,0.03554765463321863,0.02048120953105781,0.0064550765960639245,0.03304779547705661,0.09529093173740155,0.1638325592112032,0.3390263369285159,0.6070770105578391,0.7969504431076064,0.8529330890549998,0.9145749683968445,0.9395905787329963,0.9503334301088194,0.9522473572161252,0.8982835943381721
0.5696800599306413,0.5696155707368793,0.5700551405361196,0.5712805820732738,0.5740672281833445,0.5801175539261618,0.5928370320741277,0.618201508907278,0.6576970340710413,0.6111169309473785,0.2525563005883815,0.003624996893295318,0.29313163398992936,0.5603632444213198,0.8001384788043706,0.8525153434314777,0.8756845998926913,0.8852913519680452,0.9067874294192841,0.9047583565581436
0.6705720459908777,0.5782601454327481,0.3741764186856221,0.07443831209492258,0.07769928029551143,0.05591249997164449,0.033825835451310904,0.011347056437825298,0.02891821144085971,0.08426225329827486,0.1592629013335789,0.33674440329529387,0.6146151326423588,0.8000322781967089,0.877532439801835,0.9286848984008362,0.962066293850588,0.962507948841051,0.9370388726743549,0.8763605755779414
0.7461245970445767,0.5982956088237411,0.08957421793984233,0.05989103202992352,0.05753967123665549,0.05146073411481966,0.03826331444029596,0.011625023436735216,0.015029346155698176,0.056658344510668646,0.1683637615869057,0.34735820103413384,0.6048104151250029,0.782448164851651,0.8280854533473976,0.8932057683329078,0.9167198960017692,0.9172505674648279,0.8253864478947495,0.6231110841497011
3.7860109058929226e-6,1.7263338926154503e-6,7.892775554241283e-7,3.6287037474824757e-7,1.6881783237998604e-7,8.051956768007074e-8,4.0366222475718416e-8,2.214630001606821e-8,1.3982575097770678e-8,1.1564851631895579e-8,1.967868379360027e-8,4.465922365248787e-8,0.2449789310402012,0.4907196191064819,0.742718204452955,0.8760235606346953,0.9027995714147202,0.913959712010648,0.9248653558860713,0.9388211939058836
0.07103940153295774,0.051472402213756374,0.05107654899821934,0.04971014314915101,0.04650766607529455,0.039498394094220735,0.024665149579338963,0.00621691361959964,0.024740501410704052,0.07475540488138777,0.16611476756956167,0.34425695323572614,0.6094258269628057,0.7881604035870854,0.8329262935739713,0.9016574010172279,0.9259847195625044,0.9354807768649563,0.9395817137587751,0.9483487824790631
0.3406756483093515,0.07431573277907366,0.07373040903262917,0.07250367344462416,0.06986247428666859,0.06421400320724258,0.05248362363238168,0.02953146432812581,0.007856509769888609,0.04705427494310621,0.16292941772886183,0.3452440270866367,0.6118819105219282,0.8007696123175243,0.8646502507696006,0.9179605784417822,0.9487816672287505,0.9604741741593598,0.9653120329165918,0.9512092210036897
0.2768811420419336,0.3108106395870389,0.6475042073515935,0.8052215069124643,0.8775153854716866,0.9096988217416622,0.9250646214820326,0.9359665298499582,0.9491068175530826,0.9596159384998691,0.9702790659898178,0.9778169632578008,0.9825763808790238,0.9851068180089121,0.9804886755877582,0.9795985211127046,0.9767987449599801,0.968883262050559,0.9470608624770346,0.8956686479134237
0.7258162937547565,0.34786974759904554,0.04400398572654851,0.04330936459127155,0.04024205171460138,0.03291846644775376,0.01702685552893468,0.009772816720714395,0.025894625095094215,0.06603143346898954,0.16902641843341837,0.3469016686985198,0.6059861315718625,0.7768183883100617,0.8243969821784314,0.8843149618154897,0.9067877312927349,0.9154529702495146,0.8858778094170897,0.7528848112308633
0.8803623305686342,0.8006814432554641,0.3726041440375629,0.012339351981572766,0.029642918349009784,0.030943508591855684,0.019663764240407278,0.003348081744408815,0.024194224199484915,0.08157095734164088,0.1594871837003079,0.33683038058631876,0.6142936461078163,0.8008551735437626,0.8780516917392757,0.9290152900884265,0.961979461868369,0.97629082717052,0.9710887455208399,0.9473732779585795
0.20976589301929305,0.6407169953328418,0.747436728295021,0.7474677412183901,0.588899620408355,0.15120401626650004,0.04947760597429274,0.026143842602134648,0.008714824140493849,0.05136789143315312,0.16327301640396474,0.3446663790735234,0.6121819030298744,0.7992481746436518,0.8621155533487423,0.8627706188165155,0.7762037607222682,0.5814992525826126,0.1522954052149561,0.0235747382509659
0.6824323746055693,0.3096692041957323,0.04461201897746181,0.042931708085966025,0.03939627475154639,0.03179948652749187,0.015647205707315037,0.010053490706187551,0.027278864577748085,0.06901051986106999,0.16900155294739316,0.3465958221243848,0.607783998034462,0.7776879245745768,0.8245113046533687,0.8846274841139639,0.9072111592079198,0.9158310331134997,0.8900153073598116,0.7625757861510797
0.6926729595920637,0.30998423904512695,0.07472901192090531,0.0738965706553738,0.07145708909140902,0.06594813652823095,0.05437153644204773,0.031623458108567926,0.007566840942376585,0.04107534844101002,0.1626850857915526,0.34651092934960714,0.6109447729891275,0.8003693451178752,0.864484685225817,0.9179474494239754,0.9487461992180706,0.9604174307299711,0.9492395134792659,0.8928185587002186
0.46346587650556725,0.46396954070177565,0.46383423031109305,0.46297227208991487,0.46082843023897935,0.4560388267632104,0.44563761175652705,0.4274037004011251,0.4576868068039558,0.5043090174035979,0.5750101386116323,0.654178012626832,0.7432818694961372,0.8309327134681149,0.8573886184798,0.9055839049465059,0.9235647696316263,0.9308568145224129,0.9342888818365852,0.9464008584449052
0.5418160994248384,0.5379415702037391,0.5358760921699768,0.5342517143438688,0.5320062811359911,0.5276823712057491,0.518491729293522,0.5135213142199635,0.5522824383663769,0.586484379005527,0.6235553039008142,0.6709788633059026,0.7408745436177415,0.8335240613807556,0.857617616318128,0.9060745713517294,0.9240216072394717,0.9312318078182934,0.9345857522186678,0.9507727647866883
0.4703775658873438,0.7473941687930094,0.6111132958520871,0.15641903125355427,0.0677850939610285,0.06195008900133059,0.04975477312382948,0.025533810653872613,0.010532901465736377,0.0410829521625492,0.1679865643075822,0.34993989203235976,0.5986446006961055,0.7797934196218812,0.8279792009274711,0.8928781683746666,0.8814495911919191,0.7617466082248703,0.49828511459343416,0.007147131519818273
0.7403558699831145,0.7319385357935548,0.6759031709539274,0.30993036129575824,0.05065789499702755,0.047877283980978125,0.03644939869971231,0.011604440251124837,0.01646064508689249,0.07820801344526684,0.16090846896059308,0.33746328110750656,0.6142825554286202,0.8011275513147531,0.877461066417398,0.9282900175002193,0.9618476103187479,0.9581889168004047,0.9224265997250478,0.8435040126145191
0.4355812200382386,0.7021108982265325,0.7045525810554882,0.704883695964819,0.7032983224734295,0.6987242186661258,0.6880667469195951,0.6894220304139642,0.7325427435099241,0.7793474212301639,0.8182611623761007,0.8563751002656693,0.8845221282788184,0.905494023326618,0.914057309038512,0.9406536854489354,0.9553523521731323,0.9615907781349567,0.9642389372863384,0.9515462749860774
0.7480603338811467,0.7488356323443408,0.6565032941439974,0.24318310351750316,0.047632013074708546,0.04094052782050017,0.026483167397735485,0.0052706427372357645,0.02432455852957982,0.07578740386727212,0.16338260749664668,0.34214755838602284,0.6119676328682881,0.7949453161899354,0.8524302032544178,0.914567838276513,0.939495537191197,0.8983768576714707,0.7907860572815159,0.554354763826653
0.3818087510095399,0.24043234543700087,0.2509561748845768,0.24818085542392743,0.24280397101233964,0.23131365927951442,0.20619260203675105,0.17608216862714476,0.27761876795623275,0.4067554403263661,0.5070715835325413,0.6356154614971564,0.7429287951622909,0.8350111003959428,0.8600640157272135,0.9140256505480777,0.9316332491629427,0.9396002517579274,0.943071994957122,0.8939655172593355
0.6540207316907694,0.6546512380725495,0.6552967479662362,0.6563747345455357,0.6585705343195044,0.6632304987795297,0.6729874380709147,0.6924389339016592,0.7244710096641542,0.6909778921077565,0.4299496132007443,0.20878089687390422,0.1552566688789685,0.4970236976418926,0.7676882124113978,0.8424285084975074,0.8687037448011549,0.8797529731690625,0.9051347835102634,0.9154651570042971
0.7044857592844139,0.7050404124868408,0.7057248980946522,0.7069811753572279,0.7096065940704874,0.7152072611151019,0.7269334432937296,0.7502507662708006,0.769792386342476,0.719346442757622,0.3679082515297566,0.06532934728148831,0.23887140457802736,0.5254518362155791,0.7998413316715275,0.8520747834913911,0.8751554935146684,0.8847986725333831,0.906748702573728,0.9017321404963531
0.3466132668102424,0.17775253983999684,0.1727649146853184,0.16860082617091687,0.1624505338474953,0.15024755729867711,0.12565140587973367,0.1597840182331639,0.25038003069571435,0.3362028997609575,0.40415795248065767,0.5358982813568094,0.6864607402676419,0.8152944915383002,0.8445296322348966,0.902199147301952,0.92277045005226,0.930940176530636,0.9346463507257162,0.9217022223863942
0.48284098113554763,0.11004615115484784,0.19169047304223463,0.18901305570342275,0.1833693159464378,0.17109497456217027,0.14427702485723304,0.10596520820224775,0.20023618060674575,0.3441832685441245,0.471288591980738,0.6283457831858466,0.7399786265709014,0.8330665686373843,0.8600968686587004,0.9142005222432908,0.9317306319588622,0.9397172158956613,0.9426132594047258,0.8761185254945576
0.22814107102098402,0.6509582583300204,0.7084197360530877,0.7064149546851652,0.7032976757312769,0.6969868981852075,0.683139029269253,0.6729242113663763,0.7087461964718677,0.7833816574470355,0.8502816539926231,0.8943350861466561,0.9170633404288688,0.9301047567167213,0.9358872485693772,0.9519688576096241,0.965023180460147,0.9708359922534656,0.9702210056877855,0.9354454212333274
0.5004878217435742,0.07433473894166054,0.07373960421100911,0.07250836563080332,0.06986512143972623,0.06421574777411176,0.05248502425821977,0.029532866647436373,0.007855095479268437,0.047052977858597966,0.16292961937716854,0.3452442300915224,0.6118824837426531,0.8007701768630617,0.8646499777036696,0.9179605196615012,0.9487815420507479,0.9604738676567879,0.9653114507520043,0.9353577980379759
0.472474296732624,0.47186824490433465,0.47114217441308226,0.46982369791915735,0.46705943733285304,0.4610789127558944,0.44813462472681653,0.42130583307575087,0.4494928132480962,0.5226929466050196,0.6204750001477038,0.7094767319795625,0.7796961747883123,0.847061516182692,0.8708091703492746,0.9162632342530114,0.9323844432918793,0.9392816069093273,0.9424537766521658,0.9437244292891513
0.3577436284439848,0.07523391992024753,0.07507991760469845,0.07405934388096813,0.0715350174926459,0.0659877735146841,0.054394178474067134,0.0316393114194482,0.007567786589685821,0.04107504253715766,0.1626859513339335,0.3465118879488126,0.6109475147921106,0.800373617110304,0.8644836669827706,0.9179476726903372,0.9487464705618031,0.9604178534216192,0.9652680104440902,0.9477107172570008
0.780645410864879,0.8200628996732824,0.8805788549709321,0.8584325840455791,0.5074718084985264,0.00011562863936354084,5.598711048104832e-5,3.226176423309912e-5,0.017559424179395933,0.07784468509705667,0.15978249055150795,0.33693980846842175,0.613490761670091,0.8019476559193164,0.8787404159582712,0.9294527333614075,0.9420087628471431,0.9183165556879854,0.8561484813403288,0.7135211086732592
0.544637334946886,0.009090275188987973,0.05775425020901459,0.05645815709296487,0.053485646435542766,0.04703637643093217,0.033561497055339284,0.006980048791883076,0.02358655876755833,0.08886389967231645,0.16341777208789854,0.3387286346612465,0.6087778329323017,0.800508385734084,0.8629360330948175,0.9171691766168297,0.9473212415360261,0.9585560241375455,0.9633859685965342,0.9486005227169285
0.010118913229903326,0.5410647960394581,0.5677991539023254,0.5657989283925798,0.5626382007914077,0.556252231315419,0.542465488497997,0.520429217449762,0.5631825647317215,0.6402939653792308,0.7205534860996451,0.789037607885206,0.8354904946759177,0.8756707985887792,0.8919691681479502,0.930984227085134,0.9444123760454151,0.9510543811637294,0.9540390568231789,0.9008925797480087
0.28788701801384264,0.2878983056407448,0.2879230456334335,0.28797710943803445,0.349607608261151,0.7178547018004009,0.7281401197511266,0.5599152791455034,0.2909123251778072,0.0817835482788345,0.8991030523831278,0.8677699205724305,0.7935712468762395,0.5702543013043833,0.1491782063440299,0.0675188709215957,0.05984330669658888,0.0737679119959469,0.33445983037492044,0.6765767009691299
8.802244428784967e-6,4.0194134558468875e-6,1.8379883564012545e-6,8.442039889366981e-7,3.917409597820054e-7,1.858610818583628e-7,9.233450770640417e-8,5.010081727263582e-8,3.156165762074892e-8,2.681085131683858e-8,0.19199812886590795,0.3195908205943684,0.4920805242835935,0.6545072772462281,0.8234387185698607,0.8814303755828625,0.9016688439069883,0.9106222748548368,0.9200288701063613,0.9465221928341335
0.7488462376180047,0.750542865207226,0.618912312367518,0.2194362643551857,0.03491417386361362,0.03404803733650019,0.022354198180162266,0.0020663153818557545,0.0298196469705021,0.0994308224242837,0.16335735982791222,0.33706863329534165,0.6062225795846754,0.8017950766038257,0.8637755906266497,0.9171716154502153,0.9473738397345127,0.9303005020425555,0.8688707073840842,0.7291218068838352
