0.026424470574767822,0.02642130896009065,6.676548985451447e-6,6.27773591321823e-6,5.996040881806053e-6,5.693047770538584e-6,5.255398786374599e-6,4.57526584995982e-6,3.555100809848888e-6,1.340581072040159e-6,3.010594843089187e-6,3.340377038119069e-5,0.19222115122887706,0.42680508955729335,0.6055245219722216,0.7430828439857967,0.8688997758356357,0.9086659914890675,0.9263227398868975,0.9354974769776999
0.026427925617074743,0.027818910801138297,0.027818578673875716,0.027817940937475583,0.25307653557939125,0.35013020290170593,0.3393580605106019,0.31891184860893995,0.35706679549612363,0.4154928835591768,0.672149623448358,0.551003789765575,0.6420946056741519,0.7408420829760818,0.8218922787165804,0.8418162356642954,0.8946872767054129,0.9203121918668006,0.9321875862286448,0.9374223926323608
0.027806808061090038,0.02779522634082332,0.027772952243373505,0.02773031071637111,0.027149746541704434,0.01800900620849155,0.004991226791376646,0.012809636216877918,0.030476269453596605,0.06638326743096157,0.39837979494232556,0.21632748505331312,0.3913043386568744,0.6213471838690563,0.7733580749489406,0.8280115805240582,0.8826556469789368,0.9178096106429289,0.933752997579501,0.9412963216821351
0.02781869814849325,0.027818167783269065,0.02781714719943107,0.020767201051435258,0.019740230395409175,0.010641517398373157,0.00457690832519464,0.015265112846015061,0.035656371150809774,0.07290540032875459,0.3920329618288547,0.21881101591780483,0.39151644146259834,0.6166732189321807,0.7693521562837962,0.8123274102721112,0.8786417113226671,0.9073308480898377,0.9203740462240027,0.9268493871459024
0.026428329464357914,0.02642875949513579,0.027813118072630538,0.4334908479338765,0.7059238580137697,0.725909090393815,0.7296541264830758,0.7277598837847156,0.7192643060376416,0.7045738761284561,0.7809709041971152,0.8153834708834391,0.8344199680872476,0.8520888889579472,0.8775273605434513,0.8985599009832616,0.9241320565085613,0.944739340067901,0.9532230937131831,0.9576242295452468
0.027826284866079187,0.027832803779336168,0.027845333888660173,0.027869295118486237,0.027914665806672345,0.008997864962357771,4.693501006736156e-7,0.011798283810559695,0.040394085085528664,0.08795068488078295,0.3778011290959069,0.2138389453534899,0.38585915250250447,0.6156549929833,0.7790219008849597,0.8404055197724092,0.885720743762939,0.9256265248401534,0.94235860630327,0.9496667051536896
0.014172636793489568,0.36530248240502927,0.6101275648986022,0.6192117253076894,0.6240546271425544,0.6265160546385382,0.627586940954467,0.6276177373014824,0.6262538969515471,0.6218618399473292,0.654088705258451,0.5611042051833508,0.35648068731838634,0.03811506781858509,0.4386738330652661,0.676103265114117,0.8082002254356317,0.8607769312420742,0.8830519906619002,0.8929786594583754
0.02781894002174845,0.027818634346002513,0.02781804555824252,0.11778888373208407,0.09070896068188117,0.07159924683440855,0.05421749691679956,0.030820406436885106,0.011107569278248297,0.0330052461148016,0.4649631634651993,0.22104142670220073,0.3968862127778766,0.6129184278073339,0.7653331349692905,0.8204133547047048,0.8812966858264804,0.9140907444779669,0.9299546104874699,0.9392357006354461
0.027825794144696436,0.02783186162606266,0.02784353629512326,0.26902810675075706,0.26483332751444577,0.2564973726971219,0.24111814258546482,0.25645590332221857,0.2905090485095684,0.3318300815830638,0.5787387000343194,0.45206806493357055,0.559958157503053,0.692629798010538,0.7983559608026973,0.823984811864392,0.8864912651521578,0.9122516524075364,0.9244083507128364,0.9303582370441876
0.026443311578446593,0.13078370874754552,0.130775912406623,0.13036868423605386,0.12936331809732737,0.12726146102219726,0.12297187513161512,0.1141321445574085,0.09518677019829036,0.04128893976166592,0.0414476292388416,0.2114730531833129,0.3771602274469712,0.5412209855477512,0.6847815732553072,0.8002189528622601,0.8720199102578585,0.922554688403539,0.941546067342707,0.9508633724844705
0.026428462672722253,0.026429015009272194,0.02643007391583163,0.36965004978200544,0.39458756084675584,0.39411525675952086,0.3947390108912491,0.39665328125199806,0.40048885537024237,0.4095109075384348,0.41023722776982885,0.3730318066831898,0.20181018505801485,0.15367859783949933,0.4530645128031716,0.6703644885933192,0.8273134447797615,0.8699490678819983,0.8886133015790862,0.8971260816645893
0.026427805179244923,0.026427747561275416,0.026427636623755135,0.026427423751868906,0.027822182794711048,0.13646624452356892,0.13269553172782278,0.1226417781400555,0.10343159593809059,0.06301209207979752,0.03705756810469374,0.12301263593484879,0.057908373394725765,0.2974895060337204,0.523255361866974,0.6635346651766285,0.7198721799535118,0.7598684798429001,0.7783176952878792,0.7868238325893665
0.026436102574013853,2.15813579728108e-5,2.1442081639788668e-5,2.1318007421666785e-5,2.1147753886507914e-5,2.0835129200147406e-5,2.017578584934121e-5,1.8691665776504607e-5,1.5267285530251584e-5,6.1359610133981946e-6,1.4781514285022723e-5,0.026267189616623,0.24998124574542158,0.454736941834168,0.6114104178961048,0.7452469424652681,0.8704632502241397,0.9032639528502535,0.9195951576666334,0.9272415889162547
0.02642795758799854,0.02781866172328873,0.027818098739323727,0.02781701878184939,0.02781496155335106,0.027811094929538593,0.03458478864072645,0.011124172809981459,0.012624198834768952,0.048233265588640606,0.42597111167634916,0.21613888017082294,0.39172681370058593,0.6230566077408449,0.7824944351449834,0.8475333576312409,0.8896055821442472,0.933584300946974,0.944719094875117,0.9497098133356031
0.026427867376777603,0.02642786762994198,0.026427868113825914,0.02642786903829375,0.026427870799187847,0.026427874092725734,0.026427880090253986,0.026427890335124715,0.02642790568822595,0.02642792217119172,0.02642791705713954,0.026427789222314035,0.026427843529097772,0.026427847777247826,0.02642785653523605,0.026477654563289765,0.023580492749404547,0.016802613076911554,0.027397339383723907,0.027350250495676964
0.02643249140474979,0.02643679159400525,0.11212654618859086,0.11426993728850743,0.11440457779189972,0.1124707462945933,0.1075081026136171,0.09712475381682739,0.0757338152491065,0.01640811750332538,0.0424623327294138,0.2143849575413479,0.3833884739987523,0.5582365066604313,0.705379523223222,0.8185381168910899,0.8822584636102775,0.9162187216355935,0.9315139442299467,0.9385826685282944
0.027864462805098134,0.280902158090656,0.28345806499518345,0.26991744295331965,0.26437562438875495,0.2644127497677804,0.2700756911582711,0.283866051872426,0.31235921913375886,0.36017533310161265,0.21698447947737542,0.0024899996111265033,0.2574390707855174,0.49480239282497707,0.6765706909202331,0.7946135864322078,0.8690712925539694,0.8996333978869558,0.9152182301426607,0.922746741172042
0.0278185285014787,0.027817840387249215,0.02781651620379233,0.2173432378182284,0.2187661436193291,0.2124651002458644,0.19549112123765255,0.20946273089448586,0.25923387600103487,0.3146880459779461,0.5796335778322588,0.4482655975909544,0.5615860788933273,0.6934775308420251,0.799205518970535,0.8247394574285496,0.8864524411391749,0.9123183996607541,0.9243984766878366,0.9301030511723738
0.026427867178652975,0.027819268153117638,0.02781926781055233,0.02781926714456251,0.027819265870094978,0.04062256523810859,0.03157378586576998,0.011044380931492404,0.007064311586974847,0.04372067419316106,0.4374116123355406,0.21983393799857642,0.3951763660486497,0.6228503439343661,0.7760202762529167,0.8266089525081101,0.8822684243823333,0.9168897885079104,0.9319616364221387,0.937936414869706
0.02514201667502003,0.11136870592234238,0.12799759607431271,0.1376105469271014,0.14190159381317335,0.14197240472061534,0.13779104593553493,0.1280909302294937,0.11020922368105224,0.07301002780470389,0.1459119217289936,0.38192532327731044,0.4350570700212024,0.5145942775005203,0.6492527079065779,0.8110680560547978,0.8723797103072747,0.8955217194399386,0.9060643488556356,0.9093043797104488
0.026443056696258904,0.026457189350464483,0.2504023900710354,0.3791229094867016,0.372279647403007,0.3676647278993235,0.36293397263443306,0.35538603518672673,0.3394224418445685,0.3064012541610208,0.34019771825126144,0.4531341257593253,0.5626243719835439,0.6737031013956827,0.7739935562016953,0.8448910982072981,0.8917458694422906,0.9259958427235153,0.9413158507747842,0.9482023469006988
0.02642785012616844,0.026427834305734033,0.026427803755980972,9.463857359559569e-6,9.715537123033968e-6,9.700635840159677e-6,9.387926975246152e-6,8.61695554210673e-6,6.991156454860814e-6,2.9041470667179325e-6,6.4755541653305215e-6,0.10072526674395477,0.3427086464865773,0.5031106313843081,0.6382777134600857,0.7732521459360571,0.8708074612659253,0.8988592439394771,0.9120903723515426,0.9171008356249227
0.026505236226773032,0.026577045667988908,0.04283146914217617,0.030239746961417624,0.0061084531180854995,0.008182942283865402,0.01918165027445673,0.03289432470020859,0.058864962387409125,0.11146126044500071,0.07220850971123405,0.11887758417308336,0.3363549347886351,0.5327230159835529,0.6950487925538624,0.8106491720900333,0.8735792064576532,0.9170347520315287,0.9359372440514577,0.9446815810028268
0.027817056802955875,0.02781500090142952,0.03150900687855984,0.03485400294976693,0.03384117240378437,0.027266883770929895,0.012355584760662897,0.007385747426343792,0.021289842928659097,0.050126335346554085,0.4266363892516951,0.22272288082574387,0.3955483081418022,0.6155516812889916,0.7620306511316446,0.7967757927887759,0.869140985987287,0.8950580652881097,0.9084939434918073,0.9138978057508516
0.026427931735429344,0.026427991869992673,0.026428107715826932,0.02642833018969737,0.02781614739379068,0.027813317297617046,0.337114559487632,0.4570037519947473,0.4387484458141382,0.4186395631157568,0.615072077722303,0.5964429793633468,0.6606876296328279,0.7308973122149438,0.8116508623673576,0.7414456374213998,0.7841349383200067,0.8152355056204703,0.8295241805775,0.8360932857286109
0.026427892896013994,0.0264279169228806,0.02642796327348418,0.026428052528308488,0.02781830715625455,0.017369300400583376,0.05121971446770446,0.04051089775392669,0.10099992075084263,0.16228300267055973,0.1580747348264412,0.009462314805725347,0.2266795601897713,0.48269086860433197,0.6678069319622937,0.7184980074518963,0.7667050225012019,0.8082927360050346,0.8278945921228411,0.8372819198576187
0.02642786705514466,0.02642786700309141,0.026427866905113673,0.026427866715527215,0.02642786635111749,0.02781927258490291,0.0278192762010262,0.02781928274004919,0.02781929390535398,0.0002838932411913797,0.608313488164507,0.4521201532244006,0.5635018637015006,0.6839183016754586,0.5950706435406936,0.2735030965817077,0.3963200095805325,0.4720469159154349,0.505584001656959,0.5202366776705059
0.02642812416302953,0.026428363362457463,0.026428824161330744,0.13408289588609001,0.16487003712982995,0.18289563004854092,0.1969727895633081,0.2129996157043451,0.23677165376636244,0.27994466094666925,0.263536738658401,0.07772603972604741,0.19855786305824408,0.44736996225698245,0.6323445327082442,0.76811750501241,0.850730089465672,0.8845289050828974,0.8994978660484093,0.9075116418964443
0.027827778190722907,0.06151551178208514,0.0847842301034738,0.09379670822974473,0.21593450509692247,0.2697147771356776,0.2921797082542038,0.2771128064721605,0.2505484508261966,0.1948998137589355,0.4047618986593443,0.44449800899812686,0.5174449266907519,0.6367908891516281,0.7644745729372113,0.8363368906887703,0.8857953855287388,0.9224752680899195,0.93892432099935,0.9468496945628422
0.026427949329070666,0.026428025888424744,0.026428173526556686,0.04222072745906191,0.42324183341057076,0.4528743211901689,0.4710864899274777,0.48683898604018816,0.5081309870385199,0.5294038310865654,0.47895360518256946,0.3610379826869089,0.128678806457033,0.2698999897265828,0.5826535419624659,0.7555153047327429,0.8466870570276124,0.8890539241972198,0.9102247193351337,0.9209056683511403
0.02782859615085631,0.3636984362826964,0.4610099447893953,0.4663761769833008,0.4686990553743158,0.4689188419695097,0.4670685038763639,0.4621963510646423,0.4515944327802698,0.4237602180184066,0.446932666884995,0.46855983357364284,0.28009392869033023,0.1213320757904518,0.5131417004462365,0.7281304743509327,0.826476151282175,0.8783844227828547,0.9029063655589109,0.9140171467095741
9.826893752173937e-6,1.622259859179742e-5,2.2646490268729558e-5,2.78384354508443e-5,0.07325564649157634,0.1223339578863496,0.12084192960511775,0.11268796082531862,0.09531674131661139,0.048756973778049884,0.03321598916853252,0.22669153327316915,0.3716760562287841,0.5393041298666083,0.6922984234238898,0.8232661026916371,0.8794583782018083,0.908367612319186,0.9205673611292905,0.922704635320375
0.02781211083569224,0.027805459350005446,0.027792671028885163,0.027768203452440576,0.018733704115823424,0.009672744878197803,0.004325860149625216,0.01571539046613235,0.0380860362803368,0.07868710522235867,0.3825418486783647,0.2134880362326702,0.38791123151981777,0.6194756852453023,0.7787724948022482,0.8392955282013794,0.8857742261785095,0.9255287692028152,0.94254165698768,0.9501621332345188
0.026427695622688985,0.026427536112891836,0.027821970371901594,0.1023852383012771,0.10177727982601348,0.09930622151146229,0.09375290370917022,0.08232945179501705,0.058296707652092716,0.013283578197836876,0.04773600384746057,0.21409348574710163,0.3974398929853745,0.5826871868366836,0.730248199296752,0.8168796809234815,0.8804319205837705,0.9117308176592472,0.925557049530213,0.9324828182528488
0.0551583353310362,0.4716836115508909,0.7135991870260842,0.8468684501536494,0.8929155032143172,0.8902583494516659,0.8937832313013491,0.8990621276608199,0.8984219384556592,0.8807285956513025,0.6330712044649975,0.6030993340453805,0.3777655613377886,0.04253098797553023,0.33648966562566185,0.6134300584258312,0.805643607823459,0.8454698002858427,0.8631446494685314,0.8716995341036697
0.02642786835290145,0.027819261286098573,0.027819254557306383,0.027819241627957902,0.027819216913558265,0.02956430382155517,0.016207057431196548,0.002958903629527887,0.023076838930838894,0.06518104589277707,0.4066866284125926,0.21763068561757204,0.3910099985308023,0.61939838629609,0.7763552810318607,0.8285101776573345,0.8825464262635802,0.9177404422639841,0.9334562227935802,0.940497056151543
0.02643485489973363,0.02644135150147231,0.12354138449897645,0.12205262791486593,0.12021001233484874,0.11716748647475483,0.1115278575019285,0.10072465559491273,0.07941789320416681,0.021680020423049506,0.04150821998490639,0.21261142150292822,0.3756282934070311,0.5437728668757997,0.6883044941953902,0.8037163843112525,0.8822990563341915,0.9161703670465313,0.9315880248693124,0.9389940004406963
0.02642477858400738,0.004340445214536581,0.012609417689821933,0.015102360376855084,0.013049307278167999,0.005520188364251721,0.010854076480360297,0.04233792609937803,0.07243317425458717,0.07685245888151226,0.24326724597338167,0.4135391976959667,0.5145171220569797,0.6088675719526204,0.7133867252605389,0.8172931264084231,0.8853059067771517,0.9082246758088196,0.9203566306342578,0.9265502027066147
0.02642784879237392,0.026427831751946185,0.026427798949879122,0.027819686228566676,0.027820068952681076,0.0626008945235137,0.38852328565125593,0.37526150614809706,0.3790885602433254,0.4618993149612849,0.7808647431731666,0.6535954348170117,0.728325325857657,0.7853699694411655,0.8441596314287146,0.7980720235944052,0.8308323470858884,0.8480370446103347,0.8554692340591512,0.8584318255991089
0.02781947365779658,0.027819664517219844,0.3140194146469162,0.6472505276592075,0.6673897190757461,0.659317245716428,0.654305040324112,0.6620425110661019,0.6724408046620975,0.6857503852924839,0.7755513035849733,0.7299136444158779,0.7677823296804195,0.8146102429847313,0.8565988617811573,0.8684578637677591,0.9083628160992608,0.930616652358769,0.9417584694658606,0.9466527219519603
0.02781942832473483,0.027819576971038762,0.02781986317527463,0.24246447990245024,0.589772903015723,0.7260167219177178,0.7197370562673162,0.7277669516106389,0.7562899084571975,0.7860511112325852,0.878718599749064,0.844340611023373,0.8732281475537655,0.8946519846710045,0.9088907344865044,0.9131499634560347,0.9325464864375808,0.9524565458667864,0.9601044424210857,0.9641956954418364
0.02642790340089507,0.026427937157600834,0.02642800217366703,0.026428126953782494,0.026428364873028576,0.026428812696076553,0.02781235582674213,0.02780660541068214,0.02779720373939687,0.02778434661943674,0.027774889493300314,0.3419511293540832,0.4138639789009648,0.31194509819159366,0.16555408890666878,0.027810706131027874,0.11820323473779426,0.32338490776562456,0.4217716213146998,0.4701569354897207
0.026400246706765773,0.026374533147857426,0.026324969833310008,0.0808618378776288,0.08108177559805618,0.07857283921170088,0.07185746811196936,0.05673574064079878,0.021484897992792407,0.0413949597683656,0.04885720020763629,0.2087262372445845,0.39694102089350836,0.5795082529499731,0.7163734799095074,0.818631669609048,0.8821322971496841,0.9155974220122451,0.9307239025320507,0.9378821820684271
0.026427867166989194,0.026427867219505408,0.026427867321778487,0.02642786751749171,0.026427867891644752,0.026427868588749126,0.02642786987450363,0.02642787212061737,0.026427875698988856,0.026427880534252157,0.026427884873955976,0.02781922064626785,0.027819271665379675,0.026427863276673125,0.026427865296748787,0.02647765938828117,0.023580458096968737,0.016802618814889536,0.02739733943243583,0.027350250495676964
0.027816028538681814,0.027813017478188984,0.027807227736098672,0.027796148183764746,0.02777514005066739,0.02357157343987404,0.00724592610050212,0.010015807245232322,0.02669629026246534,0.06313126083099352,0.4005290864070067,0.21531384085708016,0.39067479570900643,0.6215320704876999,0.7782941916179548,0.8388740752239362,0.8857981258630719,0.9255526964772361,0.9426070673561479,0.9502995214561102
0.026427861832503785,0.02642785730824615,0.02782080007130583,0.36459602036565975,0.3644954350770876,0.36284665929184634,0.3588527768853196,0.35055061090434303,0.3331155149920224,0.30608301711385455,0.40346623948970395,0.46134035615448776,0.5637486492154671,0.6767016173503168,0.7786937686755123,0.8303729771999082,0.8887355151124321,0.9174817953027005,0.9308396639850954,0.9373608133757416
0.02642786482152648,0.02642786269284403,0.026427858586285047,0.026427850694645705,0.027819367363302483,0.11576683290827061,0.11391270112046015,0.10470247237417907,0.08448342196979164,0.034903577829321186,0.03933838512158627,0.19454434242814234,0.17104126256020746,0.23830595612037275,0.5768572331923648,0.6207073800655419,0.6694689911451244,0.7379659188166537,0.7708329031396677,0.7867571939702329
0.026427869735043963,0.026427872174685008,0.026427876871891187,0.027819198468711837,0.39382082031788956,0.3918843665495655,0.3873632963572011,0.3786988022417511,0.3626926040660158,0.3426654956035726,0.4792882337821459,0.47985005477015885,0.5611237104746225,0.6621482650175279,0.7683808531860217,0.8132455495915628,0.875812230704413,0.8981304663160311,0.9092682633277974,0.9111050746029127
0.026427864040290516,0.02642786118291407,0.027819301683797204,0.027819332443686173,0.06037789491053769,0.12113961251272143,0.13776285620756912,0.12004865153051691,0.05467823484358325,0.0007963311870601286,0.5248790397192655,0.45449625638148017,0.5687627241521854,0.6862178392780753,0.7915498039778281,0.8336640600282988,0.8889509797498749,0.9186816189168504,0.9329485176338738,0.9404621985417104
0.019827444680973527,0.18376330382398676,0.28253844061662126,0.3307796371763291,0.3302967183274893,0.3266747634465219,0.32426037214770753,0.32186786258860234,0.3181569930961008,0.3095640338780493,0.31547796462531497,0.0724527988753616,0.12501257796414433,0.38102557502837664,0.605788800700948,0.7649933449607018,0.8598652324665237,0.8950510293964613,0.9128957576712134,0.9216005298478406
0.4111876292592722,0.4931545412391243,0.49298462798209075,0.49242709354938186,0.49123387240095584,0.4888809666720392,0.484365153165649,0.47586945290633975,0.4599948604861843,0.4231493746679671,0.45695654515650663,0.36633083125129295,0.15282295782258415,0.24514346459508518,0.5533115022577139,0.7428292768020164,0.8319941253022949,0.8753992473205247,0.8938976888811836,0.9030177229161014
0.0013875479872237362,0.27189867907325216,0.28546571891856076,0.29166588274570937,0.2934854876909676,0.29186208004958825,0.2863397684001354,0.2752954301334213,0.2554775423316614,0.21765575219866884,0.31936543733824185,0.4219390402462422,0.5393909671731465,0.6405709676055135,0.7456501071969436,0.8127274818429726,0.874285984125461,0.8972640888034903,0.9091622359266988,0.9146545914103263
0.026427866853107607,0.026427866606315686,0.02781927133369222,0.027819273940895894,0.26333513562233757,0.4681552414104536,0.49880052631570393,0.4973068407403687,0.4603035144483697,0.4131597571107263,0.6940929589232707,0.5918492739593691,0.6640274400411996,0.7389400232384289,0.8141449098994017,0.8431653577039452,0.8958670630602025,0.9224891936056812,0.9357706695471915,0.9429709227202336
0.026428107311995963,0.02642833084196239,0.02642876145780748,0.02642958850889965,0.027807335486433882,0.36672854509080244,0.36283527347267597,0.35492928936669943,0.33882410110730943,0.29931059269343185,0.31834158121370526,0.33305669426254425,0.46901582836394573,0.6283448255964845,0.7619793518764753,0.8226531737275371,0.8590446907335815,0.8815267775275427,0.8920672896170676,0.8971130678405594
0.026427868983741387,0.02642787072738162,0.026427874087386227,0.02781922761252431,0.0041896877675274835,0.24772141520732072,0.2134118081656624,0.20085951373567967,0.20427265436898856,0.23133477838621008,0.20282102896636778,0.1332103952206991,0.1469721493595476,0.4649931667599503,0.6926958119483282,0.789152347705798,0.8588456992478721,0.8840036050966449,0.8958738654243368,0.9015592409756129
0.027819697569584467,0.027820096510210113,0.02782086418054519,0.027822335352371996,0.027825132631371763,0.02783037157035473,0.02815488956921519,0.00980042091643385,0.02019400464594101,0.05169116038448651,0.417067108123241,0.21393537193919598,0.3912985355079912,0.6206982437164255,0.7816757217393951,0.8514235985700929,0.8924273543897521,0.937185446591621,0.9548450848407412,0.963437817772694
0.7280068730421592,0.858290336904837,0.877573602763198,0.8877194139666178,0.8937107135669516,0.8983108210812684,0.903454749720362,0.910898048467583,0.9196873051396625,0.9139482061816806,0.8025383540096134,0.7788113763230833,0.6546384422363891,0.4103852660767223,0.060043443647781136,0.4588449107890489,0.7453270245768935,0.815278474679837,0.845730329868873,0.8621476170823894
0.027818254445097,0.027817311520129895,0.027815497101021713,0.027812019984148284,0.04439227546605162,0.03851856546323751,0.02527390662306206,0.00346451279862936,0.014964400575208092,0.047529090096025794,0.42065468645565385,0.2145428174288947,0.3921484652008892,0.6224802091003636,0.7837432206794923,0.8506889443803742,0.8917820061049007,0.9369821455125712,0.9541918152319727,0.9624343839795162
0.14100567083108262,0.5150920635311592,0.7359375359672392,0.7894499189154944,0.7995975141831967,0.8001755846700348,0.800886477098078,0.8049074890571112,0.8000693609831164,0.7856018442611273,0.6099766374039447,0.5602992094440704,0.3647422433267433,0.0007553806851489098,0.41291095200655337,0.6656808407266952,0.8109975531549174,0.8636056302758408,0.8853925043007429,0.8953855827743765
0.5494903908219337,0.5321324352675372,0.5234427173791498,0.5188943859073248,0.5162804731428652,0.5143707918777867,0.5122498874910144,0.5088087869035677,0.5019582084734289,0.48485759733436407,0.5350828456257207,0.6344292601444892,0.4967045367069747,0.19657947772656448,0.2855366636842325,0.5940699239703962,0.7880703308313811,0.8515906075759243,0.8784676029613577,0.8916207406406889
0.02641422924992487,0.026401595392544164,0.02637741317126152,0.2813799290126606,0.6115990360534372,0.7886656707051833,0.8817318535693279,0.9288638779472612,0.9297604728496547,0.9202068546052864,0.7923505616101412,0.7798197700358291,0.6750962432667074,0.4462304249785689,0.02974653867583521,0.46031502310816863,0.7313532155349913,0.8056325748529577,0.8358740722738758,0.8495802890806601
0.026427912260855724,0.02642795426715061,0.027818675152395334,0.026454520061455877,0.08352009277057604,0.0805951548733631,0.07361147588596006,0.059448210058417605,0.030560755855323363,0.015489680361520874,0.38523860852068903,0.2173281153024228,0.4068107754464052,0.6057910577300121,0.7577001568539689,0.8087806484461487,0.8786749116970839,0.9061940661680637,0.9194358955112701,0.9259463187583861
0.026427830554129672,0.027819488862014574,0.09703663263483708,0.46064426722697227,0.4700856545135321,0.47490360672633525,0.4770061836293362,0.4772164022221549,0.4753736547537867,0.4690915945629638,0.48220373011909745,0.42204464825972854,0.2236311081048491,0.2045020708683143,0.5623832357894134,0.7419784525689579,0.8380104591572465,0.8842454480538997,0.9065392706214441,0.9165480437713389
0.026428022444150878,0.0159786875417377,0.1687440483156073,0.15573794085334125,0.14764267681167842,0.14085393176461625,0.13216528603104094,0.11711346044036919,0.08625898142843058,0.03764561613788875,0.12459379589241881,0.31739851728601076,0.44618966117348047,0.5925675572395073,0.7262496266690395,0.8179448292571847,0.8812370337604283,0.91271636061458,0.9270900865132674,0.9340778564995813
0.02781938661594585,0.027819496489185802,0.04435623717584625,0.044297805091720655,0.04110515116949631,0.03344014238292081,0.018324503908106582,0.008423652797805992,0.01925477248485663,0.04369997113438118,0.4404018636407827,0.2229461788671987,0.39667882951732325,0.6091018862743826,0.7578740455608609,0.7955268593052212,0.8680264734444127,0.8946633639820809,0.9086764810119485,0.914861829087889
0.026427867916967385,0.026427868673130628,0.0264278701247328,0.02642787291915638,0.15574693355426195,0.2848908558637083,0.3366072312798568,0.38029108354734154,0.4178935381588129,0.4230513361486131,0.08146197135962974,0.13739468599880778,0.3247432641849979,0.4733396952867823,0.6134066002861739,0.7445047231394413,0.8404595947083379,0.8595849121300585,0.8682614402693449,0.8720961438262452
0.26300123549283794,0.2447630630855272,0.23579047045824597,0.2321441663825382,0.23218879151906646,0.23586698674555162,0.24452158204929264,0.26099708656731957,0.2905407934408968,0.3308781619930423,0.14413223384026597,0.018454100097210158,0.21389064551567083,0.46414407400224444,0.6611273814106762,0.781952570720755,0.8535105178159433,0.8863987811668558,0.9016186737676658,0.9090412075296954
7.655935819639303e-5,7.660979394119583e-5,7.649795715569674e-5,7.616728896486791e-5,7.545489392746241e-5,7.399396462959285e-5,7.098093615554024e-5,6.465613477957266e-5,5.1098243513791886e-5,1.6279124062990036e-5,5.536048594600995e-5,0.00014269649929110617,0.0002013765821567981,0.28098105277191887,0.5394863955256981,0.7182217510272842,0.8457768611854851,0.8870120914774596,0.906150614913974,0.9151944330901238
0.026427828082000948,0.026427791803901313,0.027819800837259767,0.027820291817664544,0.0278212258863878,0.027822977140163907,0.02782617011880839,3.4040391305723006e-7,0.015408444034385016,0.06393097715331986,0.4053920521129125,0.21579283299552143,0.3891453521465472,0.6210166097086277,0.7842051954962702,0.8447202311548949,0.8879266629442532,0.926477962112439,0.9371926497380514,0.9424505253191638
0.026427633865902522,0.01132948159493019,0.02782246697835833,0.02782541631253821,0.027831025258195474,0.04315803645338834,0.03282967012951066,0.011084918387771259,0.008092523983238786,0.0346252759660457,0.4486722948043529,0.21992468015913114,0.39729527521704067,0.6175442099713215,0.7733340286280797,0.8261989680183658,0.8822265303124287,0.9169397670222946,0.9321476736032617,0.9383765577659998
0.026428114643824552,0.02642834479030054,0.026428787655953245,0.026429636324895922,0.29295283854169507,0.6276730160302904,0.7562505245394525,0.743244940825367,0.7311881948530656,0.7202695566489403,0.7877847073626871,0.7850373602773012,0.7988090568819014,0.8199833984656675,0.8517832536617711,0.8580873155743659,0.8800894247544564,0.891966736064966,0.8971606973307076,0.8992424161316857
0.027828200831859218,0.027836504280736474,0.21607269945442076,0.2822189787318188,0.278009577031467,0.27025576212143887,0.2556725867593431,0.25978375197007886,0.28767804891216153,0.3249684186608468,0.5853445912670183,0.45185931707108273,0.5603802244013734,0.6928756218539068,0.7964538338690424,0.8230020455460535,0.8864273007642711,0.9120670295717833,0.9241677012614025,0.9300761617049408
0.026427538686341956,7.027260950698277e-5,6.978992450312749e-5,6.930834471652325e-5,6.860049402157564e-5,6.732049318669553e-5,6.480840295686185e-5,5.97015313956728e-5,4.9020604913074806e-5,2.1664031022661234e-5,4.345801875649258e-5,0.11346489641230562,0.3496097080702508,0.5175446863192121,0.6436959513083232,0.763052257277782,0.8791708594323749,0.9078120482793702,0.9223966756080415,0.929512226037512
0.026427831681736458,0.026427798718020035,0.026427735229488047,0.026427613348807166,0.09479758847872355,0.09639691338491796,0.09221478304293795,0.08066519727709509,0.057514869037783134,0.010175501991501745,0.040306458122318034,0.22133115715924268,0.3877522331735036,0.5664478041636234,0.7198998558198488,0.7907292533709324,0.8627569842295308,0.8834209087532039,0.8907167809229062,0.8939194749761451
0.1251122512171342,0.17547120277750183,0.20062472715987345,0.21413969655926368,0.22266480317844883,0.23018948168705355,0.24013268892289497,0.2568577204967083,0.288024155850397,0.29411289960556064,0.2515154199700742,0.0474753825397527,0.2661889847633584,0.4799110692201304,0.6610217915185324,0.7957993963399084,0.8689992787846709,0.8997154594554777,0.9154407620471761,0.9231997594687082
0.0002307409146832251,0.0070847513055504185,0.13693274576561543,0.08610204993975668,0.042109697946171254,0.01392894482437157,0.000118825394844424,0.00011007484555358715,9.20095462704218e-5,4.528110230705984e-5,7.53927416204947e-5,0.20910006245410828,0.38289482007626785,0.5465898499824859,0.6736129978310695,0.7823128940475383,0.8771016165993302,0.91471726231928,0.9312211492293286,0.9386210401338352
0.026428444443601595,0.026428981613674685,0.1614201108424338,0.3919396838378063,0.3880651234342808,0.385525123411113,0.383113423758473,0.3796339509120511,0.3731655824992123,0.35799206120190263,0.4003012464265925,0.4203029003445842,0.2153495821150978,0.13901243830162757,0.4420860915186121,0.6632849435136106,0.8284643033987601,0.8716504458971982,0.8908543327226933,0.9009262894570115
0.026427876430193176,4.433827101801846e-6,4.441305187175004e-6,4.422332399833806e-6,4.368717133607092e-6,4.257783140504401e-6,4.044979359463241e-6,3.652324835901055e-6,2.938894615556187e-6,1.3077048951481984e-6,2.564696185314297e-6,0.20775864152031587,0.3745877559313423,0.5354820393224218,0.6660923046100924,0.7794818764264059,0.8792363132870602,0.9082322634378646,0.922877064901864,0.9299768302279838
0.026427928017839886,0.019519395671846018,0.027818496069317633,0.027817782864875018,0.02781642407950602,0.027813869402214975,0.4102823704155312,0.526233376350512,0.5509824991380823,0.5841519449643987,0.7177295721271416,0.6551351821681095,0.7202379767363103,0.7867399864070096,0.8422525424455894,0.8623271671261303,0.9032748087495622,0.9300248742167446,0.9399013473083078,0.9416829401123046
0.026425560606671117,0.02784066826301068,0.02786047226240107,0.027898325589456485,0.005759614894732756,0.012102252101232835,0.008759597200143188,2.1040826858609307e-8,3.28203545896244e-7,0.04183295075654858,0.4243957513291885,0.21848462738752372,0.39388503600607205,0.6267300594699535,0.7896248026997847,0.8425617233907997,0.8870244583392217,0.9285716001691986,0.9445207074270231,0.9491973360784818
0.027908488936031928,0.027991329116854202,0.02815040821006165,0.0284540609437004,0.029026999578248502,0.008364255439196722,0.008216030007830888,0.019987385672679547,0.04455442624492634,0.08883946502523488,0.37421957564241837,0.21199269384537212,0.38493665926729237,0.6169114307660895,0.7807345005715873,0.8465652405382306,0.8884424500092571,0.9316011694366894,0.9483955238941615,0.9567871116271903
0.027824558405418864,0.027829474697815937,0.027838928310144118,0.02785702092121367,0.03385077088085353,0.024543885910143004,0.007748633054542209,0.010888801910732715,0.0273403679980756,0.06361131278917909,0.4002049521145147,0.21516275379405225,0.39055037293630335,0.621342358834784,0.7780518164905745,0.8389254236079262,0.8858330934701991,0.9256233650583505,0.9427071561142687,0.9504952983989463
0.026429865461576107,0.027802504809857465,0.02778698596099627,0.09864019144070402,0.5181891492165351,0.5891764757185171,0.5801987966523685,0.5879604463783263,0.6141270732892519,0.636703102794987,0.7561440561037928,0.6916410500062677,0.7310401389052275,0.78395614969986,0.8405036901371383,0.8540647063558049,0.9013932151190681,0.9236311159182363,0.9346780996608113,0.9401151001136996
0.026431591543536137,0.02643481103877965,0.02644034918225835,0.026582232856130372,0.02549991146369568,0.023587719591090517,0.020476307479301625,0.016150687344417602,0.011789595555995569,0.01081258547506092,0.4155288837594646,0.22006852756888462,0.3938918518423369,0.6260540735215168,0.7670623269815593,0.6963113129607135,0.7484120222257664,0.8069100379504375,0.8354121092784076,0.8491573930892848
0.026427867661262372,0.02781926528575185,0.09482985976952618,0.09634250188145776,0.09563914108381366,0.09236729945468747,0.08521306444510379,0.07155795313724533,0.0459787916448674,0.01196600454285035,0.26211709140675343,0.21978152595923883,0.39907198404018596,0.5858479635472105,0.7347841211530144,0.7916498359785092,0.8652252715084878,0.8924674384051998,0.9059110754113759,0.9119901356964897
0.026427777518756357,0.4298992989695639,0.5077486950184027,0.5082310029051862,0.5076188885096136,0.5056658948547103,0.5016043466734098,0.49397431167452954,0.47993086253118555,0.45345097493902875,0.5399617730140758,0.5987287823950304,0.6497359438914614,0.712672507451487,0.7911381264092563,0.8355625284595739,0.8932527234175587,0.9136996000782469,0.9238767301666031,0.9291447414655294
0.026427869735170084,0.02781925182412537,0.027819236296620753,0.027819206419298248,0.08906441869715087,0.12937084784462627,0.15528073965535372,0.17919496682408043,0.21230823553638056,0.26156902025297435,0.03660580111838996,0.016688517161555172,0.27704543144220717,0.5536651920029403,0.7632678481740893,0.8496742432737742,0.891348738645897,0.9369741203747504,0.9541075955610832,0.9623322527356412
0.026427865475217804,0.026427863952561692,0.026427861008911813,0.026427855357507024,0.026427844541672907,0.02781940371844349,0.027819524392193817,0.02781974338545179,0.22374684557041713,0.29187704948419657,0.42558962829691604,0.4857717879916119,0.5525192490022369,0.6545934999768213,0.578007691528017,0.37008881216040923,0.43793485975259605,0.5381748457369155,0.5854444906587322,0.6080756340272904
0.010049019303734474,0.0278179161251777,0.22409680464218862,0.5223368718909194,0.5729192866314624,0.5931674494755517,0.5950415896561728,0.593931062389247,0.6334890179042706,0.694150118952589,0.8631556238335638,0.8013850213744635,0.8431210812818158,0.871659141653297,0.8940459222715499,0.8985854234045522,0.924086117531496,0.9448762650007891,0.9530100199837319,0.9568565958347135
0.1765845414094589,0.19521028071247093,0.1963672214780987,0.19537909528900888,0.19438528008542055,0.19293067693546062,0.19034484253991768,0.18543115845649671,0.17584868458745295,0.1541937908305392,0.12306256106780233,0.20833010335646884,0.34504930112234433,0.4850572498363721,0.626712142979817,0.7675227726366792,0.8602382277808619,0.8892558003011741,0.9021432723620816,0.9085505916121577
0.13397119847256433,0.11885015216128714,0.0903507446263474,0.07338556642965377,0.06073777694916371,0.04682718415884901,0.02543537020537978,0.012875459845959503,0.08114809058858663,0.12780375261904953,0.03741044147861805,0.2214010936785865,0.37221752426933086,0.5376810461827455,0.6840574673635689,0.8004983464210946,0.8636214215681925,0.8918259092009779,0.905477516635618,0.9123657486351543
0.02642810682750718,0.026428329813554585,0.2221330608794404,0.6041453442413143,0.7934331146518532,0.8076539774115313,0.8106473503476513,0.8103748743342791,0.8008316698290361,0.7826273928366151,0.8398281341917849,0.8513763646929002,0.8687550434534216,0.8836323859135884,0.9009957859236077,0.9130191164241293,0.9324378883092647,0.9521004314549371,0.9595223552571769,0.9634634975444081
0.0278177746231979,0.2586227540359175,0.2691967065791382,0.2744027360680522,0.2788029263415628,0.2843091863171434,0.29310705134758497,0.3081638798853511,0.33420635548603095,0.37233237908338146,0.1690790556848547,0.08784737323042124,0.19448609673013073,0.4661077575072209,0.6651947407401291,0.7803320598876898,0.8535429731032302,0.8864297521575283,0.9017406989811098,0.9092310278464515
0.02781880313316165,0.24403394461932582,0.2371000991546106,0.23313303591296342,0.23013186792090035,0.22670426311324654,0.221355640325416,0.21192505361058345,0.19468225660093597,0.1547039721476563,0.1575226003240181,0.0636152186214014,0.1974791791721423,0.4429457532707084,0.6419424328904648,0.7870767462195564,0.873634653817664,0.9079985299607626,0.9238673737417848,0.9319459980584088
0.026427775962075795,0.02781991371367787,0.18313090441340674,0.5897959627961564,0.7881136271945202,0.8538750548863447,0.864800400136947,0.8775462870994013,0.8841411496628693,0.8595506866685346,0.5719559679739883,0.6396014241253676,0.3756788473151833,0.14572440392507835,0.5713223584035517,0.7814518517085296,0.8574173242780574,0.8982148863023928,0.9144739381818265,0.9228547390395084
0.026427868551918476,0.027819260493222586,0.027819253029543578,0.050336840010841266,0.05018754051642216,0.04492850528442183,0.03250331473957602,0.008916204109053916,0.012137781024550764,0.03639118549990661,0.45722126101039495,0.22434664462072174,0.39767432870079555,0.6091414435178426,0.7600485910768566,0.795153156550002,0.8680416978400582,0.8943924158312498,0.9079889577106747,0.9133228415457607
0.027820567404738372,0.027821775065522858,0.027824098679429032,0.36036499672410527,0.6827360330530357,0.702109707184624,0.6843063998398591,0.690715981316907,0.7088137133813621,0.7263131231758846,0.8034764191418053,0.7608872109568556,0.785680593213288,0.8167346399954462,0.8566823196868171,0.869799803261879,0.9088593324374373,0.931669085580408,0.942961501825679,0.9484628608093383
0.026419290675215867,0.026411316326035328,0.08157362895635312,0.018583361886336802,0.1438481948369873,0.19729733990145515,0.19473135030684197,0.1819070204342199,0.15320482438758165,0.07654263825566776,0.15761942649172012,0.43446047391957443,0.5229695716331328,0.6160708180785083,0.7305656121232751,0.8187948351343801,0.8856156638056248,0.9075497833359354,0.917862205018001,0.9202583527678827
0.026427843921829952,0.026427822335773565,0.02642778072684715,0.0264277007123781,0.027820323339456943,0.4436820306118129,0.5827878354955689,0.5781861906382122,0.5710423131717988,0.5549130904977766,0.44282881790390416,0.3361202498502447,0.046664781893783536,0.259407000462768,0.5003724408231642,0.6862014960283376,0.7343323804613427,0.7771116311818891,0.7970513599864303,0.8065699054967855
0.026427858953530614,0.02642785136388237,0.02642783671985749,0.027819452302081826,0.12318899741453271,0.1231686431118475,0.1190578656015927,0.10903793027986552,0.08870037722704283,0.03854432206200664,0.04137356611960996,0.19343403713005713,0.06354190329322962,0.4253740709358569,0.6940410173054854,0.8387720955666671,0.8801612496904438,0.9051020196911951,0.9170349525901734,0.9228081853846897
