0.026427293757004144,0.027823785087782937,0.027827969609774406,0.027835980755833933,0.0278511833169357,0.012404704151574686,5.651624768510111e-6,0.0071415493901839655,0.0302459030278458,0.07205792606977224,0.39138458467038006,0.21669612136980887,0.3900865107258452,0.6180917428570005,0.7767706955171282,0.8294734721102814,0.8824769722110871,0.9177214466682678,0.9332552416259535,0.9398849717139455
0.026427866241743203,0.02642786543847142,0.026427863880307156,0.026427860880653298,0.04284216472179381,0.402157440292496,0.411476540098926,0.4180942862795076,0.42459501295996316,0.4355165039771225,0.4351318900200676,0.3991898254782156,0.32880484925435005,0.27681630327028983,0.18487388150006023,0.5023656673575261,0.5952461638031086,0.6892223571682294,0.7425222665934301,0.7689834563112259
0.026427854686038255,0.026427843119329886,0.027819409639436743,0.17730454808909513,0.43731103124383786,0.42885943576490215,0.42210402794509816,0.4140810610825437,0.40128206910974384,0.38411970210093815,0.48760475705572937,0.47573086729330905,0.5616830221258664,0.6711211539237909,0.7777823789935455,0.8204710554873949,0.8865110713734031,0.9115660090577888,0.9235376113350736,0.9302958296729861
0.026427632129468415,0.02642741374305868,0.026426993787179276,0.0264261900505689,0.026424665871769948,0.02642182662864423,0.026416719040036063,0.02640814107178102,0.07843911621348565,0.1736002066006892,0.11601779351464026,0.4977281806515198,0.5639140824968518,0.5335057748359462,0.2319074253972735,0.02648130422797046,0.0235439522090386,0.010855875236846613,0.030937153737612744,0.05940831298276961
0.026427859210358506,0.026427851857685147,0.026427837695944367,0.02781943687152455,0.021092252349638074,0.3415035520690567,0.3341753823301793,0.31806655285154306,0.3239800984499318,0.3522427097482339,0.6334897215880495,0.47611559175329266,0.5670778346518774,0.6847622341260018,0.7913679034526617,0.8137938058089011,0.8784200299359388,0.9000351789495594,0.9117337326488265,0.9141188947592676
0.026427869488834355,0.027819254471172394,0.027819241421541463,0.0278192163455806,0.02781916843533183,0.056476894194324,0.04125509799572369,0.016994649660845518,0.01276668970771433,0.0335648322689166,0.45899332353618705,0.22060067946987583,0.39783127412854136,0.6115055530575026,0.7658414857878931,0.8195485098882161,0.8808565942123833,0.9133214636670169,0.9285394609329026,0.9365365944291383
0.027801007479846485,0.027784041224344747,0.027751430488058726,0.027689070601797372,0.015905157173785378,0.009182189598610613,0.012789142277822352,0.025322708600716948,0.05148863582201968,0.09675637653850011,0.370310353739313,0.21330031893859847,0.38510277823986194,0.6142213210909658,0.7754442559773345,0.8367879876969282,0.8844492563228945,0.9225838415216707,0.9397661590890555,0.9472988756052247
0.02643151294059165,0.02643490623620881,0.024291142451477232,0.09924570774959118,0.10201894485535845,0.10188114690426953,0.0983487381369591,0.08904390448108845,0.06682710554321036,0.013513500515682009,0.04798985183678883,0.2114352551259594,0.40047024079064675,0.5871264051133782,0.732632428864131,0.8315526064718508,0.8839241080597368,0.9205771455040281,0.9366861424753404,0.9438163943147962
0.026427500473848897,0.026427159181112603,0.027824209578765635,0.12043140915034889,0.11978656873071536,0.11858097773207799,0.11621144375952552,0.1114164809768311,0.10131465463854539,0.07517547536870939,0.1262076369035261,0.28554068429561363,0.08270173800073044,0.25306773040210173,0.5106704922114389,0.7019508084079822,0.8460609997022852,0.8872101062580771,0.9063821791364175,0.9154724423963037
0.026429775089970686,0.027799472368322475,0.031865210142122624,0.06166280812474789,0.055382176419176865,0.0582732356859994,0.07147305310627394,0.10001199382492831,0.10595369741270255,0.06371638386740586,0.04345435753352811,0.4301567098225485,0.5392055510624606,0.6562972741800395,0.7607213227822007,0.8478573644658495,0.8920109133577341,0.9270200736011208,0.9421129846035714,0.9491180380005126
0.02781889772080892,0.02781855268052158,0.027817888075959418,0.11965543764222442,0.08741533626079101,0.07023838275403138,0.05359975431124753,0.03055358399240804,0.010549990961502664,0.03247280662193419,0.46546457159331356,0.22102110371445471,0.3968980726948852,0.6130881066054769,0.765659444487331,0.8202016657034538,0.8812064623408413,0.9139385332229323,0.9296816852070435,0.9387222340580748
0.10941437390115172,0.10993193998006445,0.10992768565606892,0.10938389905333312,0.10804220546533871,0.10526484483316623,0.09970484815999936,0.08859408310788686,0.06553996208641122,0.012717049120762325,0.04590325011355434,0.21327809733426328,0.39366160155444063,0.5768853156885119,0.7253395906247357,0.8262442498553771,0.8823969578049136,0.9164849187976513,0.9319509659123582,0.9393288692639185
0.3432274979752217,0.4497554331546888,0.4557078515466694,0.4589013782942263,0.46066314368125105,0.46175145179247135,0.46262913583055765,0.4636172796562774,0.46496289594344253,0.4677366333699766,0.4779270741994768,0.41264695292515297,0.18677568586456883,0.17936275225338738,0.479702058193889,0.6869128821634884,0.828004302875089,0.870800135606415,0.8894485138474074,0.8982632764321398
0.02781948122231459,0.0278196790736559,0.02782006001841031,0.22595476978144347,0.34239870758418,0.3441395767808718,0.3289800026789099,0.334394868751942,0.4149496376956461,0.5000414783427736,0.729544352281273,0.6351207072298196,0.7156056087295486,0.7847955584783881,0.8453057671564081,0.8610798018158643,0.9025924501639601,0.9286480913428848,0.9407284004677805,0.9454834641886948
0.02645164525309951,0.0264737444421127,0.026516239411471743,0.010071515096496841,0.02809454967608127,0.02907414787402751,0.0346875225632266,0.04831455727993672,0.07923453542498438,0.13404695804632993,0.06441701216725748,0.1773138836066931,0.3915714191089228,0.5775531536980589,0.7102681540140201,0.8105462627798882,0.881985834151308,0.9151431213194606,0.929799101043368,0.9369927759662124
0.02781905684445274,0.027818859906708515,0.02781848064770942,0.027817752720145417,0.02781636456462644,0.2900050799252579,0.2795355437971587,0.3217581604555141,0.37898830484405555,0.4379531255921114,0.5842038714429371,0.4961689639120952,0.5689064156382733,0.6830872548109806,0.8011885502671464,0.8456666317953802,0.8905100309858126,0.9237424379991963,0.9387422020512239,0.945326555810442
0.02642786688815879,0.027819269970634553,0.06584565358682892,0.11878804498619788,0.11404201455557972,0.10907205558822486,0.10166917924739094,0.08887201643414622,0.06541404534131945,0.012684804849576459,0.04138009441441404,0.21791294339023626,0.3821009504583618,0.5629527169392567,0.7149645892051697,0.8229396598281284,0.8806545583737472,0.9123978164291949,0.927025710024733,0.9346459499106461
0.026426681085071624,0.01159196125370865,0.1170239110857001,0.11778538967583785,0.12087151043691391,0.12754787377362098,0.14036711881883446,0.16360280054919296,0.20453690999473328,0.25152003378716625,0.06415936885997342,0.1928379762474789,0.35293832606143316,0.5311006827703355,0.6856090049854036,0.7928511532617614,0.8635547141067099,0.8917238583486001,0.9052361493949378,0.9118631916061185
0.027818847791223678,0.027818456356267895,0.027817702514037368,0.027816255581982974,0.038401470713096963,0.3375043212042882,0.32231844895682726,0.335977852144698,0.35963737201988166,0.39065612745062595,0.5744272511131494,0.4711546569079761,0.5633236336212718,0.6878346465466658,0.7986949631468969,0.8358673542384054,0.8888319448809627,0.9185914850592032,0.9327358877498286,0.9398129582962591
0.026427782960154356,0.026427704700459964,0.02782038870501169,0.35978463102787006,0.3217759938806465,0.3066246560171939,0.30847394375196746,0.3270551605401737,0.3676637823215788,0.38907465419131426,0.05202466883788226,0.14029556783729047,0.3254727425382239,0.5134440229931134,0.6748470925849572,0.7923182308011046,0.8624213103913139,0.8907103038513949,0.9035193211791304,0.9087897018455099
0.02642789151689362,0.02642791422619417,0.026427957987350648,0.026428042029785326,4.957521470050352e-5,4.868140662561693e-5,4.6588454847951155e-5,4.260630274743882e-5,3.559845889378188e-5,2.128799435985318e-5,2.4520619670065358e-5,0.1780313061376655,0.29411844914126484,0.4175627154297259,0.5645752136105758,0.7291804699835063,0.7740681745228775,0.801170698170301,0.8134563181409494,0.8188834928168428
0.4930775359889493,0.7374964385749835,0.8635480512515401,0.8968533685477434,0.8982673218059497,0.9005974501313779,0.9047301990789456,0.911964366344826,0.9182855008863153,0.9112156170289415,0.7904695137536701,0.772365722531524,0.6559414993965533,0.41001679208595343,0.06739895113168981,0.4647162146352424,0.7450193545549075,0.8148747798532763,0.8450278178959907,0.8609277189196325
0.027682195402700782,0.34141927875169154,0.4503582894406697,0.4515292657226634,0.4515338276685671,0.45037297215924366,0.44754423111417974,0.44187118323711494,0.43091214900969754,0.40365444398480377,0.4217224850120256,0.4932607634405086,0.306207868121967,0.15358132580518735,0.537482996345705,0.7386113362172814,0.8330273582692259,0.8818178194025768,0.9049758197598569,0.915606716041657
0.026427952390605802,0.026428031763046755,0.027818175426303937,0.02781716289982128,0.2979767659643551,0.6226315060960923,0.7018860046504827,0.6935391431044398,0.6756271079857035,0.6277958620383243,0.3772545564354255,0.4651116423670889,0.2105027734198398,0.28372566568658664,0.6500049444449333,0.8060749291719885,0.881855377784672,0.9186274674315205,0.9320394886947548,0.9381588006953345
0.026425956219476188,0.026424177580428365,0.026420750104493407,0.02641416369815419,7.233685665930523e-5,7.14441177598335e-5,6.901603009767943e-5,6.352080538907234e-5,5.090674427210562e-5,1.730590844595259e-5,5.6687174258662765e-5,0.14228704642154721,0.37976765038263194,0.5712378435569938,0.703214248533339,0.805790084126783,0.8820861886754024,0.9153315615028653,0.9237821368286788,0.9278836653063491
0.026437274293093282,0.027739548844637807,0.13671494356761527,0.14710446521192155,0.1540282788276076,0.1606706544039519,0.17007783151818057,0.18654855082249444,0.21832277869166217,0.2561229801384255,0.11119321197203436,0.07302268658657718,0.26863045231360405,0.49999182201094583,0.6829006456322289,0.7979295378551194,0.8708052020034747,0.9010003225952127,0.9163973652861082,0.9240732826973342
0.0028745831999403837,0.07795910643330961,0.014674591614810328,0.06590660960912098,0.08804061725822265,0.09317046061782774,0.08360039698683563,0.053132131601125066,0.020622124387417395,0.07454277990635128,0.18645470470188652,0.4643792260304549,0.5497863161899368,0.6445427520278386,0.7349396281367919,0.8256799696572972,0.8899309424959418,0.921047321678656,0.9352136092016438,0.9419797769449513
0.026417231310019607,0.02640734709381709,0.026388341923833103,0.026351974928218835,0.03811077849809119,0.027232020128872714,0.008754402583428189,0.04069841539712138,0.08000825073090945,0.12562624175416914,0.1136676623234022,0.17679372726411013,0.36678940323740794,0.5516895211324221,0.6988246002675875,0.791783948124418,0.854258975184809,0.8720947165384807,0.880102852010434,0.8836225757308382
0.02642787847606598,0.02642788906581428,0.027819139439224205,0.09322548691658916,0.11338104801027649,0.10985982103388492,0.1045773842108817,0.09446391043369162,0.07231164855277061,0.01352102664174859,0.04736203851253862,0.13951541615243945,0.3140348998810273,0.5271376014081668,0.7062748562210668,0.8089185648202147,0.8706184353533549,0.9120858809486561,0.9301256643563369,0.9383408765691671
0.02782070754055621,0.027822045842927023,0.02782462177374012,0.024133247248905976,0.05517450284852621,0.04783308804138853,0.034322231973521244,0.010282461580529256,0.012652998270020754,0.03663356319427047,0.4464003021726126,0.2180735205104053,0.39685159933023384,0.6159833586245138,0.7727256130536392,0.8332320606548144,0.8841674857014715,0.9217246041088152,0.9385878420183423,0.94609663448206
0.021554567052158413,0.05564883391895259,0.10733781150053423,0.10377359661499674,0.10037356581920331,0.09562776115987892,0.08760660414256305,0.0734122841908097,0.047708320347767175,0.012296956895063604,0.21455391915233935,0.21882577232834344,0.3944971562945231,0.5772891125834996,0.7245145199071525,0.7932019370111991,0.8643629256479981,0.8922653314557825,0.9060408284009747,0.9129700291568483
0.026448895201788836,7.620873325631106e-5,8.003155273683671e-5,8.195258403820294e-5,8.255645462651451e-5,8.198509642542984e-5,7.978138384379108e-5,7.435701843772069e-5,6.116645198039894e-5,1.994673310135031e-5,6.266173182778445e-5,0.1449110270982522,0.38943729338701927,0.5721937244749264,0.6998566079334648,0.8012163382998788,0.8835874245803874,0.9193525531349994,0.9351460993578145,0.9423913037155006
0.02642787280959935,0.027819237684180598,0.11009584439315778,0.10897189319052247,0.10688341019049696,0.10295324405078676,0.09564591839982317,0.08244353125281556,0.05875812485276566,0.011123456383390296,0.04184387849697346,0.2188550576938998,0.38617936222372184,0.5611380202278764,0.7072620912414439,0.7956136615354517,0.8632822458095654,0.8915543358152825,0.9050380764962502,0.9116596299412821
0.027873996639631304,0.22357423545342503,0.22827339191556928,0.2308451830710353,0.23231194162549773,0.23329384714196,0.23421084420010696,0.23541982325998378,0.23730653879135866,0.24148893834388074,0.2521124516379418,0.18291928047036576,0.07471527619931129,0.35810477794950335,0.5708494334106768,0.732113019170544,0.8526405156738973,0.8899633652454644,0.9071695616219084,0.9151874395747073
0.026402838105966553,0.026379588052965364,0.028367305850588553,0.02887350335011707,0.07659476154545031,0.010371844445240197,0.06255024433764877,0.101336398157714,0.14474858398355517,0.19228338266587985,0.22979291695798387,0.1584205427486235,0.39309825810548416,0.6024966115468039,0.7505441450528024,0.8213111599563367,0.8816962142557175,0.9142294237807499,0.9295567423027631,0.9379099152423863
0.02781957852751593,0.02781986690088245,0.027820422110243492,0.02782148726608369,0.034478505025842376,0.02576488761731488,0.00951358904881483,0.009486520903116635,0.030029847712403912,0.07141409165400436,0.39977910376286785,0.21798719475096617,0.39042273745597655,0.616948802919287,0.7724516208078882,0.8217036977008899,0.8807053809348245,0.9132085230248017,0.928100530044955,0.9353002010278597
0.026427872496251337,0.027819237632283778,8.998723400599484e-5,8.814034817061778e-5,8.631227780475648e-5,8.372007429413575e-5,7.938224376835556e-5,7.194699057277987e-5,5.9504773038510095e-5,3.4823905335601424e-5,4.205235804877194e-5,0.14689894530300462,0.2811033008517487,0.40659342356613026,0.5546759061439721,0.723598186096771,0.8596504227291473,0.8890661514951462,0.9018657054466835,0.908698031848429
0.09259866353301605,0.5462306481511229,0.7573724330815649,0.7701967973217672,0.7788825405325291,0.7873639299037852,0.7990754924667343,0.815471455585667,0.8218491235601915,0.8011311519421642,0.448252292799027,0.39359691160064414,0.17757599938550428,0.12572555519772977,0.4217338733682242,0.6580268207763709,0.8200077626121515,0.8562680496721793,0.8728094410554041,0.8815911775389986
0.027819174260635626,0.02781908657177301,0.027818917750926375,0.027818593881925646,0.04778664737522442,0.03883523731880634,0.02359587680094244,0.006334460535607156,0.01904917112873994,0.05147819946423127,0.4243126151457368,0.21960607551156297,0.394299222712864,0.6180189276551906,0.7704597788081262,0.8203191290484195,0.8807995247994919,0.9131414910210344,0.9280158687973395,0.9352951742682515
0.02781950767286956,0.027819730202003234,0.05741505231234767,0.057774464643153944,0.05397308893584529,0.04661225210838793,0.03290820524196825,0.008953307938201593,0.013610460278817516,0.03400669161159675,0.46446522033471604,0.2237674208985072,0.3980405262340734,0.6031437711325064,0.7562093855365825,0.7946149113886765,0.8676746840008085,0.8945313784661565,0.9086366429827648,0.9149657938266899
0.026423647927717897,0.026419721366705118,0.02788707255724221,0.1055089300591523,0.10385108228525286,0.10112115322518722,0.09588393901232761,0.08513381136260822,0.06132171280493626,0.014033732541700261,0.0494849078135865,0.21132008994100848,0.40230169790936043,0.5910279752125969,0.7344721277833998,0.8256779287399203,0.8825590212822031,0.9169973097387986,0.9325354448079157,0.9400035574389426
0.026427311825899857,0.026426795205568232,0.04269457175588787,0.34769912677017156,0.3622059513278785,0.36817423005593364,0.3674484342996813,0.35959976775257085,0.34086423581395087,0.30069224431946806,0.3946079796628942,0.5106364792300184,0.583029371781072,0.6735987099577625,0.7764807927433518,0.8334946161686728,0.8890276244229409,0.9181356218668271,0.9312314117611472,0.9368147657739356
0.02642606642949774,0.027833646349332386,0.4579346540508764,0.5175014445715473,0.5271857210832628,0.5353690531949697,0.5456041061803363,0.5618744540393715,0.5903228321911037,0.5982749023572885,0.29928901696701393,0.297067517117128,0.10007349339954408,0.2809299695654619,0.5807074041911557,0.7551506349592698,0.8360747896442283,0.8780129921576205,0.8970820716058078,0.9065050249974234
0.026426543570511885,0.02782934093967404,0.3573622934427231,0.3175878610911027,0.2948293077245916,0.28001725150070567,0.2665771419417283,0.2476878299278713,0.2109335806967627,0.14487816327432146,0.33990814506838896,0.5229574360978899,0.6043522968469439,0.6918745666250081,0.7836075294930935,0.8589794145549949,0.8988800139054768,0.9327472722034691,0.9464742150068913,0.9534186888007508
0.026335499255158323,0.026249412512404757,0.0008705619159262712,0.05851611698113457,0.020477292619406007,0.055811021113665205,0.06535839679485067,0.05420025133569961,0.014134174272690148,0.04837216649511189,0.2608365228478089,0.3978801431834761,0.5254018063948741,0.6359292448342304,0.7426724422196712,0.8186201287527775,0.8860949268641176,0.9097807359678135,0.9210514883595357,0.9262770218636337
0.451729524255279,0.5873173871762376,0.5159033233426219,0.4778444500015414,0.4613147214547325,0.4602372656571183,0.47374163192540164,0.5053199122024148,0.543206288067093,0.5224963206593005,0.0349404180091506,0.21578253357662913,0.31655334571767435,0.4473562454669604,0.6145277266184594,0.7839408396440053,0.8461884922724224,0.8724343255121088,0.8841995767389327,0.8884942334184934
0.027855598725293862,3.1375066191774437e-6,3.2029513294951073e-6,3.225832244990734e-6,3.2136387827508273e-6,3.158586942553221e-6,3.0303685759625054e-6,2.7553054624540607e-6,2.1586516391058908e-6,7.483832551447023e-7,2.436133167860177e-6,0.013691801565475892,0.2878282823984122,0.5097490053903959,0.663397965938475,0.7782498033081341,0.8752082811145985,0.9105406725223093,0.9265973608048649,0.9343643200706402
0.027819474271174816,0.027819665706813934,0.02782003440436498,0.027820742215776573,0.027919340008573656,0.017859222981145284,0.006332387097229719,0.015066285742533436,0.03485096483245009,0.07312836672097611,0.3929940946565348,0.2171762608915926,0.3903850386076111,0.6174277302067761,0.7723906400517476,0.8217616533873674,0.8807812844523184,0.9133894846555644,0.9284154428808671,0.9358641161149219
0.026435413447330247,0.026442395601026347,0.026455736386075124,0.02738907641244781,0.006357861221851446,0.4748926134571998,0.7124183076570725,0.8307564827501103,0.8871977453513762,0.8641547612498648,0.5848343603190065,0.6551918746442477,0.42326397967627816,0.04944426209269581,0.5206073844172245,0.7554760367635892,0.803085036466997,0.8509357818894494,0.8742385997100394,0.88548879743606
0.026412501160743562,1.0376807894285633e-5,1.4941627350051334e-5,0.004478540934666264,0.1310389219139636,0.12292446694196346,0.11759551930655388,0.1118456997367645,0.10150062746027211,0.0720656078382107,0.1346078548115438,0.11421212358641142,0.12397932209737716,0.40711916180531826,0.6056806034076994,0.7422733689575576,0.8657903100356323,0.9123827709260282,0.933052263813324,0.944022304709997
0.3839713027877356,0.6181048360004344,0.6298531575994155,0.637287786566286,0.6438353969900084,0.6523248850763868,0.6660440222267858,0.6893798070423703,0.7135748578294066,0.6972431763853748,0.27435588629442687,0.19593423772758944,0.026078201698527925,0.2879909533818049,0.5153668618860077,0.7138618288144819,0.8328626880839417,0.8642407487987493,0.8787717899876464,0.8860827139974462
0.02783250388245484,0.027844799492455552,0.027868429263754435,0.02791360220573491,0.1844379532199002,0.3681573114596869,0.3758864203317285,0.43379970463572126,0.5436852346220369,0.6322741896719504,0.7842480789186483,0.7171773511016033,0.7716548395990952,0.8186156211889647,0.8638801573291246,0.8841471260660064,0.910997660791623,0.9402874820352869,0.950265669275838,0.9553987860085759
0.026426080108291394,0.026424418325242005,0.02642122023404825,0.016682216165368136,0.45994214258961985,0.5342670378532195,0.5264498267087667,0.5173036253260461,0.5013936512872417,0.4819518989500795,0.5960987719061791,0.6216032295216009,0.6847470394786884,0.7558337833675262,0.8232967727709033,0.8615410131678609,0.9035544236262828,0.9317794383877388,0.9443627237238041,0.9503690463671296
0.13941892274358336,0.35395476772034706,0.3431795489672488,0.33795666261624213,0.33546259695658764,0.3344499907257773,0.3344064664284333,0.33520695269505385,0.33694099089162133,0.34095374662088695,0.349544721183341,0.3366746304536209,0.1849383072521139,0.1805253379009265,0.47158433582389225,0.6754267655895803,0.8279522946679719,0.8709145161541489,0.8901092387673455,0.8998757182960111
0.026427677970742303,0.012429242685658592,0.49717518879617606,0.7368033976744035,0.7295472838211816,0.7236993220942892,0.718470034233046,0.7116035032259829,0.6998878394796945,0.682245197316955,0.7624655616589562,0.8001800579504088,0.8184221848548899,0.8356851388295203,0.862739113552147,0.8909095716413397,0.9197723515504795,0.9412841427299434,0.9504173388426865,0.9552288034864658
0.026428041536322833,0.026428203958538066,0.027817052819205323,0.116030876301078,0.11567729438529684,0.1144365107589227,0.11164823797168888,0.10573015946945996,0.09275623691302493,0.05588629958063007,0.12265042247287461,0.309003344561501,0.14517235210203927,0.30468154432766237,0.6464653445448606,0.8119758634341765,0.88772567744712,0.9220793981934057,0.9354403173888628,0.9411891641367296
0.11430427392645282,0.11907610393941515,0.12154428536116801,0.12257576255626246,0.12256194996448666,0.12146775219869377,0.11876812588306507,0.11318459012579174,0.10203085166062065,0.07686128325679031,0.12103077505411297,0.2946128551338598,0.2515636467978969,0.1469894040807853,0.06163415389695737,0.4778425720377185,0.75859034618426,0.83503279352125,0.8679807195345106,0.8830087394335041
0.026427875130624834,0.026427882603510477,0.027819176554491287,0.027819091272495156,0.15597692700076038,0.0766822771820388,0.01466317496598224,0.054196753440165835,0.11066301835788972,0.06891355170146385,0.449692923216197,0.4024519905041378,0.505346577077689,0.6464165075339305,0.7800402522109925,0.8256173202945413,0.8825170226405488,0.9157935687463055,0.9305206460301967,0.9370071623193998
0.02782078393967824,0.027822193294944286,0.027824905983664827,0.008728494114339846,0.04930268167845109,0.04586757855039825,0.0348462283877875,0.0128761362812978,0.008647393737782227,0.0342696579515841,0.4437683735714233,0.21712204027758186,0.39590322599698335,0.6209854768659872,0.7814110759941103,0.8447497231782777,0.8881477312236961,0.9307950005557207,0.9476486832911121,0.9556116098383219
0.027821141029145458,0.10881052416412529,0.19730167327532844,0.06070720387712747,0.1410562068375505,0.1291450480429639,0.11943775400316714,0.10710791456719881,0.08653567535641216,0.033510994796690396,0.03905483994179848,0.22069711187869245,0.38371891948845716,0.572870886420241,0.7283534045875206,0.8313935577916169,0.8876287192472879,0.9292351288931705,0.9467132856039625,0.9560045822952763
0.02781937431295234,0.0856408371202354,0.4454310679864655,0.43577290361533394,0.4301661346187464,0.42586764966229707,0.4209324320004495,0.41329263271904415,0.39947741926996794,0.38304971071373484,0.5210122264169461,0.4898630663077328,0.5661776824531338,0.6730598666306652,0.7819106775876825,0.8191855405304719,0.8865098940252444,0.911644414355102,0.9232472093127391,0.9294637411555409
0.02639072450665736,0.292980848935402,0.2842181280112087,0.27976388280593956,0.27749005556959316,0.2763367276881781,0.2757596590521676,0.27543805260235044,0.2750583246318119,0.2742772373413188,0.2864593564955735,0.3068147567482217,0.2054940076762688,0.1244648747884628,0.4241924663486347,0.6507375253222581,0.8277057640197719,0.8705344667191458,0.8895812414444135,0.8988703451396713
0.02781902829979188,0.02781880489545485,0.027818374905729137,0.027817550492935217,0.027815981622841823,0.036418316327732514,0.021187056128366355,0.006231376831483448,0.020165733728708668,0.06189359738840794,0.4076350881656352,0.2154169376646129,0.389256733620159,0.6218338489053354,0.7828542357902177,0.8459191523641119,0.8884348257112145,0.9315071043272335,0.9483434174747929,0.9567438794080975
0.026427858219405853,0.027819320126977187,0.01911469971665336,0.11559781485567344,0.11646861889111815,0.1151390453835387,0.11080423747483881,0.10103467714702341,0.07962593171478749,0.019176643228091317,0.046849834155188175,0.19799792427289087,0.05052200793278583,0.3082599444952777,0.6415400379471817,0.8016280393003524,0.8674407443293586,0.9211269022205529,0.9407740049560656,0.9468947185899912
0.026427932293819345,0.026427992930093458,0.026428109692575363,0.026428333747900767,0.026428760750808133,0.026429563672875522,0.026431033192589326,0.026433576753641552,0.026437477075683447,0.026441854476673243,0.02644081157812561,0.026412475525065537,0.0264210502421498,0.026423277614444185,0.026425304953613726,0.02647645203573723,0.02361545096845008,0.016783588489687973,0.02739729044020911,0.027350249093944234
0.026427868026958845,0.027819263220038137,0.0278192582861142,0.26569871170470816,0.25723798638814466,0.2510312175751148,0.2440560254053198,0.23311672710834486,0.21262015798431178,0.17668142432323797,0.2681417680054379,0.3522609846952437,0.4588212956607648,0.6087897270624021,0.7531074237295952,0.8304555362709025,0.8835768729298163,0.9189267351974288,0.9350491880228967,0.9427478873030444
0.02781984342556343,0.027820378240322463,0.014411389201957614,0.04154474326212276,0.040764732992338515,0.03466996378069831,0.020808972994693198,0.005294017933148432,0.017600356349570134,0.04570641664252606,0.43611435089891115,0.22323110222864417,0.3959626642872056,0.6139436928720802,0.7619357988049286,0.796505453193258,0.8691438569288499,0.8951064643895498,0.9086071646620087,0.91416114176849
0.02642787791132961,0.02781920565168805,0.02781914725746304,0.17205071994983923,0.5418758397969625,0.6156563612607693,0.6075965527610514,0.6036449394675557,0.6396065308701451,0.6908398430842815,0.8558854320339602,0.7969553278901744,0.8417745967828301,0.8700157182935097,0.8920456529723289,0.8986804619605095,0.9242336664827383,0.9453466136375488,0.9537876855795707,0.9583182462650957
0.02780598878046403,0.18825716082964583,0.2532079008920253,0.25054222159143813,0.2487506321367735,0.24698453726865233,0.24437334061532245,0.23950110970570437,0.2292141600662143,0.2023661109175655,0.280552910793881,0.39116747506069616,0.19034518812976575,0.21496756619673307,0.5641053677255075,0.7411042430736756,0.8385870587855693,0.8847430960182727,0.9072451250555174,0.9179187738736706
0.026427875818396895,0.02642788392756612,0.02642789953802893,0.037789112021139104,0.4664366377274649,0.4426750665125406,0.42396996794068953,0.4024334162439196,0.3679671731343196,0.33516815689230595,0.5232578447165415,0.6167762352317212,0.6539331990194981,0.703911694868412,0.7801678519829266,0.837449519742181,0.8939714806552043,0.9156403718223374,0.9238598182283896,0.9254009776163513
0.026427867354711587,0.026427867575849362,0.026427868006967725,0.012794073634576075,0.38428952952732054,0.4218052721541494,0.44716218667461627,0.4724809818782879,0.5093976322351723,0.5370971094193029,0.27066801302133625,0.10495246750719678,0.17122642290043177,0.41127873842387785,0.603324007568994,0.7522995600718992,0.8538108637158688,0.8870951124994052,0.9030799970032843,0.9123683484397289
0.027820150145864253,0.027820970253933153,0.027822549292606857,0.037749140834933526,0.03365125304863592,0.025175274126211344,0.00903977574479009,0.00915585098213112,0.030439152849050077,0.07304244977190766,0.3979794648072441,0.21797563282626475,0.39003597914834387,0.6160241684546249,0.7728338180262332,0.822355477052348,0.8807088939976022,0.9132820832622187,0.9281677542284168,0.9353070596054328
0.017471701564874764,0.4199157864814873,0.41954886915209166,0.4185806819905816,0.4165857574518653,0.41270518906926623,0.4053387261050889,0.391651939199696,0.3660787897197726,0.32566139068355104,0.4427034622227719,0.5757290744975171,0.6323401751159923,0.6922370683719917,0.7720879532968279,0.8351789943409926,0.8931562505039956,0.9129941142184049,0.9233891587486218,0.9287677127983335
0.026428255850278637,0.026428617691941048,0.04597341096538354,0.04541890537426563,0.04487237678474587,0.044082894882575885,0.04267253755617473,0.03994292858836235,0.034448266779672276,0.021055458171633568,0.035206866164198436,0.025862703071228066,0.17063446285911854,0.39049766774361494,0.5764579081039367,0.7290007917871727,0.8665058771650513,0.9019689773597448,0.9194460709877039,0.927908744980594
0.516248522493316,0.68178762630888,0.7767656868213659,0.6649557924903882,0.601394291060289,0.5725552939247245,0.5696341593545837,0.5902276795558413,0.618699482855048,0.5959055006977918,0.03557758173454939,0.14978317246358774,0.2890222942548234,0.428649530816113,0.6058612021427305,0.7827902319638284,0.8444992690016355,0.869497562324649,0.8787733259185171,0.8783049130423759
0.48889793958170014,0.5058420500874664,0.51467403337152,0.5197366156927757,0.5234027783685562,0.5273403866458324,0.5332819585565933,0.5436773080091887,0.5628164245062169,0.5936412531895905,0.556241094308999,0.38883809651899015,0.14535545468498723,0.23511547420103784,0.5279809566535596,0.7192724940089403,0.8304874741789,0.873616929971281,0.8918959246825274,0.9012462343455319
0.02642786516076001,0.016640941741319026,0.2710356654202374,0.4291072239955094,0.44272324436248245,0.44662906631594035,0.44293826425627925,0.43034865580829906,0.403146737103548,0.3584912057892231,0.5341057916909715,0.6448282232901793,0.6894941923660977,0.7352065108610761,0.7979427385091947,0.8527919976436011,0.9011033345416556,0.9223961820863177,0.9327957413476541,0.9377542899892519
0.02642846000434529,0.027815435573451675,0.13435119679357965,0.13395019987917134,0.13247413723892332,0.12928769660197803,0.12308078337711026,0.11152091118036,0.09048143772788342,0.04312298687350402,0.04011497494652161,0.02573523179897752,0.18531333757697344,0.4206400586162262,0.6239926012706514,0.7772356754387878,0.8658871318996308,0.8981383388803001,0.9143464007047631,0.9218850635347572
0.026427938841066978,0.027818831343084494,0.11636087134864359,0.11502817736036952,0.11306028021720527,0.10958973939267835,0.10313768653048105,0.09111812380633721,0.06845257057299947,0.013272519685492479,0.041045913966136105,0.21781761681764833,0.38017217110990076,0.5587246403607738,0.7116819582366711,0.8224781109203004,0.8804613417665907,0.9120360344707705,0.9261936495886507,0.9333522907458036
0.026427849475574194,0.026427833060926664,0.027819460615603253,0.30401129729541665,0.2747612801621958,0.2641394249755089,0.2679593299381845,0.2871050068886144,0.32791656571878725,0.3690592885867421,0.08264131418770981,0.17653337137627778,0.3432335917981102,0.49785224465279865,0.6451034157655846,0.782021604956981,0.8600984675457193,0.8887431157990865,0.9008698826136042,0.9058530032097796
0.02781924964186777,6.0998343035523206e-5,5.9040524370779224e-5,5.789185496607452e-5,5.696507841468357e-5,5.579948978762239e-5,5.378014867485348e-5,4.977328937316727e-5,4.148414516602639e-5,2.160531480932537e-5,3.2154172323384245e-5,0.17904758337915738,0.35286966685942434,0.49528408438130234,0.60733560528523,0.7248078837494775,0.8817876570479497,0.9133729595765905,0.9284041412681672,0.9357415995000095
0.02652266810432735,0.02661050083803418,0.02589088237919812,0.11474246284061629,0.11286274374885252,0.11019422971636172,0.10532326930303515,0.09540853090387391,0.07345262997026625,0.013938861734909436,0.04678069104763816,0.20823826929059353,0.36834037817669507,0.5287186418159799,0.7184259684623495,0.8110225119447153,0.868010000492074,0.9163952185331258,0.9365575222247116,0.9453533952568587
0.026427883806220076,0.026427899351978534,0.027819074956183076,0.12333198551324764,0.11718768894367837,0.11185432975659959,0.10475166189851659,0.09272982294005916,0.0701173028773785,0.012818065425506342,0.043327350971277934,0.15337302705442923,0.3499556286589689,0.5547313820352211,0.7066498966422239,0.8036886123990972,0.8713940491076514,0.9008197206172703,0.9156353346408727,0.9223292841798391
0.02781936784336614,0.027819460245001038,0.2905441555116657,0.5480275340044726,0.5484890573356962,0.5460311848032359,0.5396857998169637,0.5473911579548031,0.5630811875447471,0.5792127428316374,0.7048936680584621,0.6310014794220185,0.6751367969697782,0.7430248926848868,0.8204137015846691,0.8367656432157776,0.8935045282909975,0.9153233569034948,0.9259365318526964,0.9310803256776761
0.026425176225229774,0.02642267440915802,0.19881468181496031,0.20173292130792186,0.20565684820150776,0.21227862659096908,0.22428428274973855,0.24602535437832607,0.2850018611418663,0.33444062233839944,0.1262614706738302,0.1495423062437541,0.34907267337425163,0.5056003507747469,0.6475949379063768,0.7786120179585951,0.8606643445540694,0.8895053324867058,0.9025514350201687,0.9089010302742632
0.026428013100700087,0.027818143907703208,0.02781710175037322,0.027815105995091738,0.027811316603881808,0.027804238808976534,0.027791427289436954,0.02310684100838878,0.046404538204376844,0.08863435018427435,0.37223992412996665,0.21221620668635888,0.3855984624219466,0.6171103792832238,0.7794805141684295,0.8442601895287093,0.8873128670842656,0.9291396924112445,0.9438598011480921,0.9481814626963893
0.026427881240721485,0.026427894386733763,0.026427919712268655,0.02642796834001615,0.026428061129809,0.0264282360315794,0.08881060564285392,0.4025958368519328,0.5828710934674541,0.6389825959430249,0.5772565512728582,0.3840737681028975,0.053514714836479405,0.40704907540822677,0.36328763326872415,0.08385447200313023,0.15715385729289455,0.20546831744510985,0.29622015520195977,0.33989086460167184
0.026427844461586747,0.02642782337571381,0.026427782697270974,0.02642770438319919,0.026427554199335734,0.026427268283662597,0.02782297602111683,0.0010755761989205137,0.032212327393993045,0.026288339903689728,0.035974585201638765,0.13562026655267712,0.31312743193841586,0.500922098517582,0.46382249257841923,0.25357891911298114,0.3639616194037161,0.4938303687897886,0.5567730880428512,0.5874027306201675
0.027819509630071515,0.03849867212485458,0.308879918727913,0.30213767662028523,0.29702809430022414,0.2911821356879758,0.2819012978375093,0.2648556454558406,0.23093670598151794,0.14052081061949906,0.321475812784657,0.5640232958115008,0.6308901737018964,0.6978489826389969,0.7788664177717181,0.8526931812854447,0.8977620588364769,0.9272605204631835,0.9406980977816355,0.9466739053402329
0.02641233066346016,0.0007464949680068278,0.000718616343567291,0.0007037799933228284,0.0006945025397162574,0.0006861468814924887,0.0006740186332372389,0.0006501396418328032,0.0005974598341992321,0.00046093360301968644,0.0006023152145331334,0.42590143612160436,0.5085271895359771,0.5756688329876267,0.6677574984780281,0.7832529156119091,0.8881530375613258,0.9159208361986255,0.9287753646577765,0.9349140070130817
0.027819478061417158,0.027819673021263425,0.09579076122866836,0.10752800986919353,0.10997889913398351,0.10312633216346745,0.08390154186845822,0.04861143340556251,0.08675079715732992,0.1789354313623338,0.5921933591499451,0.41510766744639505,0.5635547759336859,0.6905743803761104,0.8001079860419807,0.8343997482281058,0.8887945235800238,0.9179767685641197,0.9314158311384817,0.9376501510798886
0.02642788435739374,0.026427900398408255,0.026427931277117955,0.02781887862861976,0.02781852133105256,0.02781784770679796,0.3777102069948388,0.3658972228916063,0.37490958401896557,0.39265005498239014,0.6244140215802223,0.4895406136484127,0.5707767503190986,0.6883132100334252,0.7931061847074615,0.7772196897759254,0.8132620109676763,0.8322392375979355,0.8404433320099358,0.8437138296744435
0.0264278644892203,0.02642786204691172,0.02642785733581965,0.02642784827442146,0.026427830931543106,0.013159831588010373,0.37739225143274324,0.5386027713567656,0.5682331662352351,0.5932891649313949,0.41619179987497,0.2735478484303896,0.01258054442771106,0.31902332794309585,0.5632364967597305,0.46720410209321406,0.5512155401721865,0.6233841906598117,0.6570595123721055,0.6731407669278606
0.026427410976882393,0.026426986693734333,0.026426169849905645,0.026424602964718713,0.027843181776804338,0.027864783606047383,0.09065350724411736,0.07529108020743469,0.048340236785607504,0.015264529072105404,0.291768434325261,0.2181313610827882,0.4013088202588386,0.5940255798983636,0.7417880580159644,0.7287974357432098,0.770132805055066,0.8032653705447198,0.8184851004407747,0.8254838347834051
0.1581727320624774,0.1533701484332225,0.150755514730753,0.14904621398681117,0.14743534972091954,0.1451533435867013,0.14105063766722514,0.13292483456016035,0.11592639451140863,0.07188190129792049,0.0407308208294932,0.04401948008430301,0.15749445669632278,0.3427260119435964,0.544742592059795,0.7282489768429967,0.8652831182792509,0.9107253629839874,0.9303450102949178,0.9396016984966538
0.026427856608265188,0.026427846818933953,0.02781935865149021,0.006729317125522272,0.05722587953170011,0.0797447815340454,0.08590519058994239,0.0778234798511851,0.04740261556793113,0.030275251718519303,0.0930195868683188,0.3604078392523967,0.4568402823999068,0.5722761107667369,0.706049679407122,0.8220566739522138,0.8801588095477895,0.9208093143139313,0.9384073925188864,0.945758527686305
0.026427868791679576,0.02642787036291372,0.026427873388383483,0.026427879195455417,0.11990156884152248,0.19654798276808938,0.2089980769922012,0.22837789222625215,0.2628070435209936,0.31496038694006656,0.11525690953931855,0.11901432484862162,0.35965147976650913,0.5280608704588738,0.670920144370414,0.7912645137426606,0.8526969265138507,0.8706060836882094,0.8786696845703834,0.8822203354699486
0.026428978480746212,0.02643001224337649,0.02780305904214664,0.06287964358003373,0.09612419946852901,0.09831624241172676,0.09544665136348496,0.08590603929581297,0.06471432255956722,0.009854207430447959,0.08582936144845688,0.22216240935982556,0.40285003017887233,0.6018978865152114,0.758287901542587,0.8251174161471211,0.8824208958494968,0.9170379309266476,0.9321001029876086,0.9381718249306978
0.02781926327866313,0.027819258396246327,0.02781924899048349,0.10842237649034514,0.1062015629798354,0.09624325336390094,0.07419632313779556,0.05085294391169981,0.10192863322787005,0.1841738511246318,0.5265549551188009,0.3912372710854265,0.4844244359661536,0.6342499605841591,0.7755447288064694,0.8159214269142817,0.880041516246272,0.9098015037905188,0.9234842728886495,0.9299470368669478
0.02642786590963553,0.026427864785155686,0.026427862626394294,0.02642785848242435,0.026427850594079816,0.026427835724500248,0.02781945318214163,0.027819606175864764,0.02781985782072982,0.02782021864277162,0.3335488495636273,0.4577578586654637,0.5705589365320995,0.5480889784888328,0.2448832720102293,0.026477664740347073,0.027616622427371174,0.02414184904184058,0.08608041969687319,0.11311789100343417
