0.0014281129644057033,0.0014688665601072515,0.0015411385546370004,0.00011233692249246197,0.00013303291654642724,0.4057503393512554,0.6164658086925409,0.6719753185406563,0.7018573524065236,0.7392171279073305,0.765728055243284,0.7720639589032268,0.7816717776512292,0.7960417769356981,0.803004998132288,0.7782115092921578,0.7960789564588759,0.8168115857577932,0.8302157225963804,0.8384324682841978
0.0013145341701514823,0.0005302138706710924,0.0006040896936203577,0.15602332699949473,0.43474962376092785,0.5451964808872944,0.5949140447689177,0.6074002929637257,0.6211259985727522,0.707295286864631,0.6994533528718518,0.7306069190386693,0.7684021399596981,0.8078941081058953,0.8419336127110235,0.8737537460460337,0.8997774009366839,0.9097681448357299,0.9162849401752975,0.9202986799868599
0.0004152209531774753,0.002191126773187446,0.002491730183693197,0.4073510980742534,0.5958849055620017,0.6817563170371759,0.707594989541245,0.6703202890528396,0.6679258530884662,0.7616914800587634,0.7336342697020404,0.7616454668157765,0.7907463945799552,0.8224142882292789,0.8504552806323814,0.8819726526601165,0.9244002875242708,0.932929540602685,0.9379744776468216,0.9409606715801312
0.0014121385587975155,0.0014404308503521701,0.001490631162457956,0.0015792453890381974,0.21606296037235184,0.5445575084337746,0.7161867816202689,0.7908869601972304,0.796334061572841,0.8432257186370754,0.8602207780827483,0.8591696991541312,0.8552950767235807,0.8441520110930175,0.8153065187500543,0.7906137156936954,0.8041792862283393,0.8241245814238262,0.8369959086514779,0.8448777386102616
0.001429121899573449,0.0014707346924395237,0.00029644460283295704,0.00018862823270038298,0.34622188388962627,0.6112360008363867,0.6936163757523839,0.7231854174096057,0.7438078389228384,0.7761908651066297,0.789869548681841,0.797648221509831,0.8080079178785011,0.8240710616741043,0.8360968738508002,0.8584789463723403,0.872531237187683,0.8854687740992003,0.8938309814279611,0.8989594715730689
0.0014510280924048269,0.0015097247072589637,0.0016139294428886286,1.8019803209257113e-5,0.00036440665381465287,0.403406364636278,0.6416941237817824,0.6930431963370609,0.720808454819658,0.7541041982220105,0.774513595252863,0.7873146327563473,0.7998809599983684,0.8154913660548273,0.7943765501846496,0.7650371225976647,0.7835418241883059,0.8055456582785838,0.8197596144941869,0.8284749490820146
0.0017758368761185972,0.0017486995718100085,0.0017006441376209436,0.001616125194310536,0.005931455439535771,0.042771349691677285,0.4283568675124567,0.4944713785904532,0.5355079989391006,0.7338497551048944,0.7685029307059947,0.766287879851622,0.7612663490811131,0.7438957581270602,0.6971546633205519,0.656023998882398,0.6722170615583578,0.7085591653540834,0.7322641352250819,0.7468964084050675
0.001476205046687884,0.001554623085253004,0.0016939460702281028,0.0018083047040695632,0.0005682127410682192,0.001322176235765693,0.40567534732030064,0.4897283372176682,0.5394594931461949,0.6331721209021559,0.6629376111194814,0.6879973535960213,0.7125742119340126,0.720883441289778,0.6648238073445525,0.6175390831149039,0.6510883508439336,0.6861955319788935,0.7089838734411708,0.7229994772846506
0.008137493739246326,0.006912757181978146,0.18325810223927053,0.5667699392118664,0.720817405100321,0.7791064604783668,0.7858988149335401,0.7607863856994249,0.7574743858887776,0.785138697322042,0.776115562916603,0.8011907561116667,0.8266976453130284,0.8520492747956554,0.8746420218072655,0.8991369046887131,0.9324551314627841,0.951317886238007,0.9598324130141281,0.9616148440061216
0.0002739942379965665,0.000828782676419948,0.31926147762155566,0.5040875381620276,0.5883578087410454,0.6294324994454028,0.6476826872777499,0.6477868202723939,0.6529547835154699,0.7366140013874075,0.7135195614885903,0.7459949238974743,0.7841977357778727,0.8247167067450754,0.8609832894985323,0.8965638399093009,0.9290580521982925,0.9521974240541585,0.9598405406273506,0.9617645802999041
0.001376721670736658,0.001377346854214756,0.0013784566466059633,0.001380417306200088,0.0013838480344678938,0.0013897291684940027,0.0013993483398195838,0.00039009519383970126,0.0003738669746763401,0.00038860469972790135,0.13501245394328054,0.10204343540986094,0.07720474202729888,0.07914479214581915,0.05196652526863377,0.012334789433021798,0.00035002044317899994,0.005818735674127606,0.005767139335588145,0.005782033565176481
0.0013978501035697422,0.0014149629832695965,0.0003410178870770775,0.0002684102955727852,0.33926312284905713,0.49668362143126754,0.565441716988235,0.5846506548068544,0.6059462625522795,0.6920649711652437,0.6810425697988203,0.7156006808794442,0.751486238952968,0.7890515288180328,0.8200375007793533,0.8505240666600351,0.8628073167285759,0.8764761665959335,0.8854023511672955,0.8909001641624634
0.0013724470860715376,0.001369731577298472,0.0013649106093401864,0.001356391534128809,0.001341477756531373,0.0013158837872817575,0.0012739165750025316,0.0006036224982669536,0.0006670917757193306,0.0006201594475909733,0.12922974454715164,0.16483457355027453,0.16215926477042175,0.10813087353614059,0.00041707929947609745,0.01232994033323287,0.004882281068300687,0.009621695602064717,0.08228291784069552,0.12678958083425218
0.0014666991898799608,0.0015375199472276169,0.0016629697468936167,0.001780651963289026,0.0017579586161553529,0.0017194978676725592,0.0016581211352948433,0.0037355177766885683,0.004706320309144418,0.0015321166531473418,0.11538909141733211,0.12008873873217618,0.10485447825237737,0.034789270140075046,0.0008283621096178972,0.012469646320480199,0.004856776330082413,0.005809760718250789,0.008775761803896831,0.05677668496105326
0.0013760552501042023,0.0013761596924674047,0.0013763452076682725,0.0013766733478046689,0.0013772489296254298,0.0013782408909492894,0.0013798837102029227,0.0013823499469737266,0.001385100827617225,0.0013846027950151774,0.0013764512352438807,0.0013762134704349283,0.0013753513276050233,0.001375132891561437,0.0013752257413075508,0.0009411241094737788,0.004882874802242143,0.005818602104766923,0.005767073823409241,0.00578202418979723
0.001312649916481834,0.0005014806812306816,0.1769920010059549,0.49649842226317464,0.5651247277809006,0.5982067919703747,0.6113117609118751,0.6055147314630893,0.6101703086453031,0.7267580658042669,0.7284092072133357,0.7561357234777452,0.7904537658834825,0.8294569380031841,0.8651651761312908,0.900275663523692,0.9299266515835853,0.9486303137182203,0.952746640435031,0.9553001986465642
0.0013934104792571178,0.0014070794426706001,0.0003720424205581052,0.00032307810329845754,0.4372061605474453,0.6710210938680898,0.7324950659541802,0.7550829814804773,0.7729218341205168,0.7905043187339791,0.7993964383126041,0.8115597609359813,0.8246476536012664,0.8416379483564658,0.8561048370844037,0.8700128064126126,0.8792560955746911,0.8915024402330631,0.899421883204607,0.9042781576551531
0.0016344072211410543,0.0017525406241932773,0.0004888212315480311,0.0012042336372379836,0.002456940084849202,0.2373212568807791,0.5631919440294713,0.648456832454106,0.7060605495930518,0.7257928642605505,0.7890066899598275,0.782933247587572,0.7769220565402791,0.7820563100121557,0.7803836701204506,0.7529900121065944,0.7715294631767111,0.7948343027477307,0.8098617196959038,0.8190703275216322
0.0018168890484389077,0.00024034053519583765,0.0007670944641068322,0.16725622074726942,0.45384259708299013,0.568143206032875,0.6193187270073774,0.6315690810492376,0.6475170068937086,0.7398007594711351,0.7373729358205123,0.7587781466428865,0.7855496994640161,0.8173481619640793,0.8450567927995004,0.8761123745509389,0.9074235787513113,0.9166987343323557,0.9227320579414489,0.9264447749129345
0.001378153705003271,0.0013798959564426116,0.0013829840897496837,0.001388424285177492,0.0013978894036490441,0.0014139211176708022,0.001439429617580923,0.001473845538597418,0.001497387504589387,0.0003769102227271226,0.0013522419179606837,0.0004688052476470306,0.00044364667050278417,0.00044737293047725224,0.0013663184088210656,0.0009505580603698105,0.004884641157942293,0.0058189732495604884,0.0057675747784711184,0.005782306102079859
0.0014323327038244793,0.0014763856908496242,0.0015545176033985308,0.0016923265894134287,0.00010821794751569858,0.00050902976831535,0.41828166891118523,0.5570730218883142,0.6056687925351973,0.6466177491561088,0.6893754410656157,0.7005095358323123,0.7140427167695629,0.7301370902072867,0.6784661646498521,0.6429245165802875,0.6681334588917711,0.698746188356079,0.7207305267268309,0.7342297029421053
0.00010746117314441861,0.0001482425889455241,0.3632858796583631,0.5484098976236117,0.6334414731391427,0.6752717357233,0.6945425398120673,0.6968939111928567,0.7014580953383296,0.7836859639916872,0.7616610276364792,0.7855828412569695,0.8136290961331737,0.8451894968638911,0.8755630386230695,0.9079366964170157,0.9329866541996525,0.9540255468323707,0.964842921600779,0.968044050857722
0.0013873968364218614,0.001396370166850569,0.0003949433042638173,0.10572479241515786,0.554137223898085,0.6909416733045766,0.7326621471376726,0.7452015995436019,0.7620073996392439,0.802328261177477,0.8095223518653272,0.8224416857687036,0.8374620850594812,0.8558947210081944,0.8726166102721571,0.8915389140577084,0.8990725837109699,0.9093051879367503,0.9159219991879127,0.9199796843567758
0.0017305295667483511,0.12573534256828545,0.5339329195122717,0.6789532466208906,0.6723533773102308,0.6546136300010355,0.6403154000759607,0.6195922357312891,0.6250488454405991,0.7369071646170944,0.718868603409401,0.7573101164963083,0.7953279212967197,0.8358759510247649,0.8741361816046365,0.901802045414366,0.9272058830650375,0.95144191004481,0.962534850030437,0.9657816495989049
0.0012382353163401527,0.001130603884083703,0.0008999988901214895,0.0012594636369666068,0.17991298014436563,0.4579580317590377,0.5734314579699193,0.6127777333661014,0.6394381513382364,0.6961462893770289,0.7037599677558374,0.7340997511869237,0.7646926227449482,0.7952451858232987,0.8180460627053021,0.8218390128601976,0.8371296868064155,0.8534950670463106,0.8641056002400431,0.8706395054611696
0.0014120043209956412,0.0003440814575784712,0.2320810995980107,0.6047061072540834,0.6746442055542825,0.7090273510215689,0.7246237017963885,0.725551976732427,0.7292452820083997,0.7985350253602491,0.7879243338235549,0.8059815891686177,0.8291182452431303,0.8558869111299994,0.8811645332961754,0.9078354007784235,0.9360410809864622,0.9529193205068353,0.9563436846325527,0.9584456303040217
0.0016085464341003552,0.0017823608275355785,0.00035268142038524797,0.14324558960065092,0.48466229544486217,0.5673304140660775,0.6051261421001766,0.6124846008091501,0.6237983657745494,0.7295235373641891,0.7091906359445872,0.7408139980230959,0.7768289804321005,0.8162580618244405,0.8519453522097741,0.8751901557866353,0.8850441809112688,0.8965082104745239,0.9039851250511348,0.908587106209468
0.0019053398026038781,0.0005625952584983329,0.0013406311879285981,0.20924535729658233,0.45974081557647106,0.5668756192775237,0.6145946953640928,0.6252695979523293,0.6406953935953018,0.7366034472260481,0.730974454839522,0.7559405534785694,0.7856585838470526,0.8188769206614611,0.8468407630536984,0.8780308143232761,0.9165667854719344,0.9249236715335092,0.9303573073614992,0.9337030005180537
0.00036885406889153316,0.00031708549289666266,0.4735378981226711,0.6069054795383058,0.6707933786901763,0.7028990683131764,0.7179342404716238,0.7068716504709669,0.7062824977566319,0.7803521842286416,0.758022464947038,0.7814379263877405,0.8105723755437626,0.8443054615041443,0.8761661108791036,0.9081881129757542,0.9326469445016686,0.9539444423852343,0.9646234044548243,0.9697943874543082
0.0008633316097631516,0.00046086968982061993,0.0021717787455467485,0.002453483052214822,0.4726256317376014,0.6348196367835506,0.7077124679697536,0.736654634570144,0.7489582239589826,0.7639922054033228,0.7562895946311078,0.7759169791695526,0.7961727260812071,0.8197014104992115,0.8387980581856259,0.8642097192312842,0.8834974836686401,0.8956345142510045,0.9033892160989072,0.9080642631044038
0.0016186906047993554,0.0017859060656131298,0.0003781397759783367,0.3256578234533275,0.633454326927979,0.7636210088819828,0.7818288433565082,0.7856450146940601,0.7930988796411076,0.8216000566808936,0.8188916145253406,0.8369899126181235,0.8559260090126675,0.8756393222444322,0.8951185265044008,0.9020508864585914,0.9086870287349988,0.9179440627374408,0.9239395688893988,0.9276123050465992
0.0014177861157258498,0.000334153711115559,0.22304211932596074,0.49782506367221224,0.5726700240285654,0.6093684687219295,0.6247667334722802,0.621227929537161,0.6286468345498162,0.7433689604138447,0.7326469586266913,0.7577904396001424,0.7915919944051715,0.8307289507415538,0.8678394718576268,0.9041572522230169,0.9294634772654413,0.9470112548087796,0.9508350782299103,0.9531902231342608
0.0017639397089169728,0.0017275214677457962,0.11304451115807945,0.5352328314466606,0.7269853058860045,0.751067439684292,0.7595163374921617,0.75786205370535,0.7628672482202228,0.7922598005334656,0.7888663414494539,0.8118911720560412,0.8380820917429138,0.8653668527301136,0.8910983758486779,0.9182813641129121,0.9279309391056961,0.9351938875046888,0.9399371620057216,0.9428447232893867
0.001374457414206054,0.0013733116335976625,0.0013712742185029159,0.0013676628474065256,0.0004535726743264412,0.35339330223171095,0.6128107963831086,0.7202502116714655,0.7326945822654767,0.7915810579388287,0.816252298296076,0.8159830961138638,0.81121993163273,0.7968069394841735,0.7592910865253792,0.7269535144660568,0.7450340501668364,0.7710079039140153,0.7877650626701908,0.7980285355910677
0.0017761140904575257,0.001749176284529197,0.02007294374170543,0.4870414920468348,0.580829782313592,0.6113623970185349,0.6232161495302044,0.6165787251390217,0.6260237576483446,0.7280142599457451,0.7095091294574662,0.7497700893804052,0.7921442173998802,0.8331856936011535,0.8712482090891474,0.9042017862395497,0.9219281780748628,0.9297145974837476,0.9348058084843404,0.9379326253457194
0.0014184408042577923,0.0014516000988309408,0.0015103146185487804,0.00026214830583459747,0.32250735920097173,0.42940773109153463,0.46849952486729896,0.46248404583130476,0.4885338833253635,0.6900989344875014,0.7243146688483486,0.7554001145526643,0.7887464597911986,0.8254108152513454,0.8504442818881519,0.8287586909192177,0.8424623432674624,0.8581021764386193,0.8683356459811384,0.8746353173723326
0.001592737918021947,0.0014715347311073934,0.3203819238642769,0.6261082912113949,0.6939024431036386,0.6786673805262335,0.6504638196048599,0.6212497334135347,0.6227162926829901,0.7470902804869599,0.7258365301196565,0.7626889403516395,0.8001771616030885,0.8351127147274328,0.8670383133195084,0.900890703494972,0.9317571588324626,0.9497771629024749,0.9533543301419678,0.9555499951472114
0.0012749402569648405,0.0011960848101292276,0.0010562395255928614,0.0009649344461518661,0.0013671625470929039,0.25903661130352995,0.513874486781274,0.5813272289813614,0.6209339692841824,0.7110338970582427,0.7372406191857053,0.7493485701072442,0.7657435347242141,0.7870863348455366,0.7583114489712424,0.7233848855145433,0.7474323998837783,0.7729777524793101,0.7895211161513142,0.7996834680385414
0.0015592856011117373,0.0017023568123933908,0.0017757540574362407,0.0006542864779240931,0.0014777630750835158,0.4666446666938645,0.6531835679721156,0.6873644597141007,0.7131905783215122,0.7910564354097661,0.8040775504125193,0.8155562734372335,0.8306814913679383,0.8382177983709949,0.8077644501710523,0.7810076284344539,0.7972870964361152,0.8178328889170068,0.8311491651134029,0.8393166709052848
0.0036724521103111973,0.0023585277896328583,0.0027906101136867534,0.002141530519541024,0.2633254846361388,0.4418184034941226,0.5173313607518039,0.5337795946321544,0.5572149141485343,0.676696899980268,0.6815731744206257,0.707095431987156,0.7406132110036925,0.779993463439193,0.8152788850218722,0.8462433612344712,0.8850518408347692,0.8972287260013514,0.9043407769785687,0.908685437395059
0.001418218514354086,0.0014512946236361346,0.00030280655245240595,0.2985675544259926,0.6228496051805847,0.7321291450014052,0.7560167118524281,0.7573655149286114,0.7556673644054841,0.8084176712138633,0.7961933231234812,0.8116620166892669,0.8317550269765623,0.8569695532558089,0.8822628372035355,0.8962494665819585,0.903646160115091,0.9133607765742697,0.9196588886551412,0.9235263197301216
0.0002461251160340572,9.807186064014761e-5,0.32048799143630835,0.5138975694074945,0.6007133891570691,0.6429667364389056,0.662345480714691,0.641047614230329,0.6404668505066482,0.7485680332626425,0.7169140371302032,0.7462002113523807,0.7808125067103153,0.8198090457731612,0.8553630890404724,0.8921585902365358,0.9290848983548773,0.9521491287854208,0.9599882147710179,0.9619054429356143
0.0015911439866155286,0.0017563418935917507,0.00034354632370614535,0.0009438586714917152,0.4709709803978265,0.7128279254353552,0.7952302087014425,0.8131173952531436,0.8242792709952744,0.8377137504119274,0.8469165312854694,0.8505606886168909,0.8560267496992953,0.8657254133730019,0.8757872327235214,0.8749948003754909,0.8837727190316891,0.8956317340629477,0.903265987034245,0.9079434888664479
0.0013828024138164974,0.0013881838286552428,0.0013977465919962073,0.0014146751882206932,0.0003629697651230668,0.03789492366742675,0.4478427721699998,0.6077525651122517,0.6261984810229262,0.7113711504770004,0.7464784283260097,0.7477341243535871,0.7428758965325326,0.7245016295821689,0.6744036088846952,0.6289698090735933,0.6564799552225655,0.6915520405941438,0.7141563217607583,0.7280019478043589
0.001372411696534681,0.0013696681454218318,0.0013647964358233233,0.0013561841295465227,0.0013410929335407884,0.0013151342246998654,0.0012723017377636037,0.001208501221151792,0.0011389471961079645,0.0011592704751882676,0.0013949694762582787,0.0013690767116376623,0.0013955084021777253,0.0013972941339082112,0.0013940057192035615,0.0009464079852433693,0.004882272238011631,0.005818947639408489,0.0057671433519886905,0.005782026619926439
0.0012815865811074412,0.0012079228467740677,0.00107729250272115,0.0008469812584493974,0.0014196118843488037,0.3339029213053992,0.6028211760631783,0.6923499608316063,0.7173265154721358,0.806688462011591,0.8274557713799844,0.8250351498291582,0.8187880875812241,0.8035048257967862,0.7665032030591529,0.7351265616338377,0.7547274967357918,0.7796610451503831,0.7957375923335483,0.8055937427798883
0.0014063628064503453,0.001430186358000518,0.0003549151456725408,0.06363781085886533,0.5394668177660833,0.6370867453659577,0.6810997070723048,0.6931556180053192,0.7056677590726085,0.7730905149067002,0.7699682116369484,0.7871426105511339,0.8084035477151033,0.8338193911254981,0.8557144991714852,0.8821444473583262,0.894145620896116,0.9048241223510513,0.9117465144251358,0.9159976635317078
0.0014774496022482708,0.0015567404699253773,0.17744691908539845,0.5221760260795665,0.7214216634478978,0.814152271065299,0.8022939586836596,0.7900394591333123,0.7931013485823154,0.8483856406796458,0.8367464698963079,0.8489864964119833,0.8640592563443895,0.8817562046131273,0.9012539302546789,0.9222869532626822,0.9273037007836059,0.9347071692453903,0.9394838231872741,0.9424076287857457
0.0013845485392366408,0.0004196534754893344,0.00040746525138857237,0.3840599612804223,0.6258935194520822,0.6858630901532989,0.7140895657555477,0.7202671536370913,0.7309678098744969,0.815576894041734,0.8080434502539066,0.823247023989775,0.8421615948229948,0.8649124233590215,0.8882852497394376,0.9158528741419073,0.9212668695524682,0.9292812944914495,0.9344526333593797,0.937619752813084
0.0013074132395790583,0.0012539404818376898,0.0011591665977638277,0.0009922330211723507,0.00070189568741863,0.00021059348318019921,0.0005685668929134025,0.0016066990355330102,0.0022568163142540065,0.001647803879079146,0.10544446984678524,0.10930588690504595,0.08124799271229632,6.460670541597047e-5,0.0001408945108168913,0.0010740788046714744,0.004904294561514977,0.005825992171491379,0.005782181036445677,0.01797409851390841
0.0014156341605978673,0.0014466564278169391,0.0015016997999428572,0.0015988639651173253,0.0017686339683720131,0.0017718042284669,0.0007883092762749344,0.0947824331761058,0.15623413562000532,0.34014116335247535,0.4387995011803989,0.4440025026258122,0.4311442972986236,0.3852652774631292,0.26771462624972997,0.18235781177279742,0.2432365104983778,0.3133234474571277,0.3634270351057213,0.3941938757916138
0.0013773098764148228,0.001378396078488553,0.001380327370870793,0.0013837500394745517,0.0013897769157638074,0.0014002495277329885,0.0014179232888905657,0.0003779764194338231,0.0003476178749285408,0.00032945030618525273,0.12586275634477884,0.09278516019571914,0.07113392449578404,0.07170323034291559,0.042500897621284506,0.01233637397313403,0.008293580341578122,0.005818592553730184,0.005767071958126757,0.005782024074574954
0.0014437123204819047,0.0003299393263220818,0.3658044921081225,0.5885013798493518,0.6502759966352235,0.6808424595652846,0.6941628318611983,0.6928036451451943,0.6972354803370688,0.7630626407219533,0.7459042881863185,0.7706897826557004,0.8004511382719899,0.8350279705285216,0.8696161711345864,0.9043466947335022,0.9312879776727909,0.9538306366586251,0.960294177273987,0.9622010735412957
0.0005367054181928399,0.00011725155574193735,0.0021688828089861945,0.10065186675488613,0.545528859170896,0.7149237421973219,0.742112763561795,0.7178215364488642,0.7094099280384014,0.736167869849235,0.724269135118054,0.7579069455748769,0.7926397696994438,0.8262777247756714,0.8543247388459392,0.8751836724827731,0.8843059427747844,0.8971473216590968,0.9054827856423437,0.9106228554144294
0.0014275434480950366,0.001467916890623866,0.00044092680273155604,0.00019581209092234264,1.1773404177906066e-5,0.39199893207677927,0.555791374562844,0.611728936151817,0.6475104578351001,0.698090971174576,0.7218200066466571,0.7330342689267468,0.7467514673005877,0.7678956893099531,0.7795538975401978,0.7766106372233721,0.7949649557151981,0.8156873203680427,0.8291102593815776,0.8373539258830311
0.002093514419396647,0.011083855399436904,0.026387808098914167,0.0515185744205664,0.09030177625685243,0.2613061435408486,0.567383402473723,0.6700956295689197,0.7149605426683834,0.7022373690909837,0.7615886771084314,0.7588493578449489,0.7565948777706164,0.7603523850116186,0.7536177980839999,0.7698188650640773,0.7979464379719026,0.8291907807109957,0.8471553202131866,0.8551242391892472
0.0013698883249566585,0.0013651717660382312,0.0013567952583849463,0.0013419829618543933,0.0011675824366024212,0.437368063634325,0.6553218326317973,0.7485921940912531,0.7558473618295645,0.8118608788888138,0.8317249343983749,0.8305930098988641,0.825928311146624,0.8125465656404157,0.7779019034425594,0.7480932732833236,0.7647121969709261,0.7886815443644193,0.8041454676224068,0.8136170252066335
0.0013796254448528167,0.00104734193320688,0.014524747666957771,0.31360376986831295,0.49987113844934983,0.584834481160231,0.6242505146513798,0.6349834298638484,0.6410058841628363,0.7425584309239548,0.7124885467194435,0.7385666127877955,0.771522929764555,0.809873865721624,0.8445567770577698,0.8816724263481562,0.9279882728152115,0.9480251383251949,0.9518199549197627,0.9541534862603379
0.0013506016345512517,0.0013308104656232222,0.0012956675052971933,0.0012335405973801228,0.0006958986823405455,0.0008901132013814372,0.0012107602700840436,0.12008880487282181,0.24512137882601026,0.5245390998593813,0.5890258206665067,0.6003025813244489,0.5929902853721057,0.5568116756476886,0.4917915863711123,0.44704531069822007,0.4341491545016217,0.46359256050936415,0.5030273044234768,0.5272128059872486
0.0014063114192197634,0.0014300670356109935,0.0014722535883346932,0.0002633364827258067,0.4259819565712514,0.6780084366808099,0.760922243252495,0.7726125098550785,0.782172442072163,0.8178056430749154,0.8174303344796512,0.8299167862792138,0.8453878435409707,0.8641890658085742,0.869985329346146,0.8523242780382003,0.8624355977188556,0.8763793123991003,0.8853968003145024,0.8909264953897859
0.0013976445897324608,0.0003869359231034597,0.0661031124845165,0.5098188850603718,0.5999926459183864,0.6439460096227285,0.6635288721460699,0.6637470020545548,0.6715726152106669,0.7667279680283213,0.7486528154592526,0.7747971877583105,0.8058767410242034,0.8403974374405323,0.8717773509340516,0.9053081822799648,0.9328530050850216,0.9410955222169761,0.9453618080713817,0.9479855468136299
0.0012474074382148315,0.0006393662440146164,0.17525669982283731,0.5942091545264728,0.6802652979753523,0.7212741424753241,0.7406213678435836,0.7447645125251581,0.7493092074473763,0.7936046119531582,0.7832124901808675,0.8030181926042673,0.8266967055305642,0.8533086369270673,0.8782285855265987,0.9051664570954998,0.9359912922638925,0.9506330911463547,0.9542219253546098,0.9564339841889086
0.0010302497662091348,0.0007602713917379544,0.000281403595410068,0.0005628590573418801,0.002020970495498098,0.3628442904866912,0.6022584820645587,0.6301606947103866,0.6478738435763198,0.7057433907164018,0.6903614818115205,0.7217175704850249,0.7543635369611814,0.7710551263629712,0.7232299073162538,0.6842337942704075,0.7103889488225577,0.7393672001935245,0.7581597064817833,0.7697104516395158
0.0013765552082615207,0.0013770502627750147,0.0013779289665658556,0.0013794810735964225,0.00043023135636977017,0.40521938322340656,0.650853273464346,0.7497844668948328,0.7615982072504864,0.8149873794330657,0.8373755581035304,0.8375933050653962,0.8338105804786511,0.8214507394113353,0.7887162116233811,0.7599338979400684,0.7766245524060259,0.7993982508699178,0.8140849931167103,0.8230803996650472
0.0013105424994751536,0.001259431195666072,0.0011686538356917575,0.0008492246709358442,0.001165829841920818,0.36435991626510944,0.5348177147230411,0.5753821098478438,0.6083749358017593,0.7218824866989538,0.7390436141590491,0.7485839627428177,0.7645651915567002,0.7895893779246207,0.7691479329538757,0.7370866854521946,0.7585875457009379,0.7828240850119128,0.7985752248772491,0.8082613608083159
0.0007327441741771246,0.0016321763967616087,0.1689556827066051,0.4536538147588419,0.5762072502631492,0.6351044545064923,0.6628366656653866,0.6694332421423537,0.6743968299600245,0.7618936856792908,0.7458906629564859,0.7724326310186124,0.804101728865989,0.837891370497649,0.8687422685282652,0.8983136215958815,0.9260117172468703,0.9503773651256312,0.9603639279949303,0.9632044119870834
0.0013749499892585781,0.001374188514402186,0.0013728318590390254,0.0013704182400329223,0.001366135193909379,0.0013585711162326097,0.0013453410429405954,0.0013227118827351392,0.0012861847576016716,0.000560589388140742,0.0005590313250856127,0.0004611851483456997,0.00044470372887017717,0.0004343231099630529,0.0013811859630751266,0.00094452214553431,0.004882022518700513,0.005818672680766412,0.00576708322902153,0.005782024968310928
0.002111995968440694,0.26548735967377135,0.5832524905291103,0.6605729039974833,0.6319090971721077,0.5916870066447102,0.5622586196415575,0.5267632668142417,0.5352926162725287,0.6975988544568813,0.6813236757445191,0.7216786951631929,0.7642486457244074,0.8070431144466688,0.8514916385757767,0.8950199807741815,0.925323886832495,0.9511026851214212,0.9637379407234139,0.9689445644839415
0.0013981118717778518,0.0014154474394765248,0.0003559087210731615,0.00029458512069724385,0.30321887399536496,0.6410636885061931,0.7350628341843476,0.7674535957496011,0.7901880038339296,0.8165465062586719,0.8343268449639096,0.8369573399088717,0.8410613332763931,0.850011672041521,0.8577673972919877,0.8546268388597729,0.8650079810977526,0.8787743287113223,0.8876529340746201,0.893093538894638
0.0003556830067037442,0.0009737823189229777,0.35494665604796205,0.5202554635134458,0.5981906217132684,0.6367369038316051,0.6538639818403336,0.6534869284111242,0.6547285058224845,0.7375916045094607,0.7125224122190452,0.7470534558271732,0.7855185228359371,0.8267193965623297,0.8635137894484677,0.899106060887129,0.9292950319207328,0.9522362131237594,0.9603093723162178,0.9622110818161693
0.0013630281613741246,0.0013529557855150864,0.0013350834165811731,0.0013035320018406349,0.0005422518490975081,0.0006214771580788092,0.2366404691217887,0.371592062157058,0.45591450283670176,0.5653846863237142,0.6280339893284235,0.6505933267874204,0.6741510670933828,0.6687588500196471,0.6032311251894207,0.571721341498429,0.5928313862258867,0.6301925055019759,0.6570799606321871,0.6736170851854952
0.0014118402144496223,0.0014398744639668726,0.0014895604375302351,0.00022004222547933328,0.2758592949788288,0.5987045300014209,0.7523615562030814,0.7824124155906809,0.7914611944249109,0.7992936963722705,0.8073268192057482,0.819306950434376,0.8325529646633192,0.8489882627632914,0.825680806121031,0.8011601708691325,0.8151052892471595,0.8339036217189636,0.8460433406869154,0.85347751994188
0.0014312995738280376,0.0014745596693834795,0.001551320424816427,0.18179929008162388,0.5449610398149637,0.6082223375003319,0.6211141020434651,0.6154254048203571,0.6240885381574064,0.736423140810847,0.7167939219203154,0.7544425444459555,0.7952183492992357,0.8362970496681562,0.8752681380926212,0.8615978817415915,0.8719297075918645,0.8846863263177819,0.8930086608166738,0.8981338010340774
0.001757210212623317,0.0017154171451686517,0.001641129673388586,0.0022556911744771035,0.004313365504308164,0.019347299891284364,0.408320128927364,0.519512581093111,0.5978589276957197,0.6644442280641505,0.7414679027646038,0.7393613023766239,0.7371392300437094,0.7472619327873787,0.7409288914030921,0.7066766829071174,0.7290557759492374,0.7565525723381538,0.7743257823484839,0.7852345947373449
0.0017507633083984064,0.0017039017313746907,0.0012386762319267497,0.002537045530243809,0.004816611366087464,0.4117101899893941,0.579927555763863,0.6372949344750176,0.6841407173740297,0.7298242701902595,0.7700142044357252,0.7762238868346786,0.7830853239102988,0.7979801923547953,0.8063743388036428,0.8047580569863837,0.819467227427845,0.837760976965878,0.8496002894531909,0.856864954904214
0.001429653158524058,0.0014716603133420048,0.00025734810661437457,0.45204304368290626,0.6067905014205037,0.6268779292893407,0.6337007545355938,0.6258371275238962,0.6309888154480583,0.7410179698224677,0.7165726726482102,0.7521730112934237,0.7918800445903924,0.8328422132286416,0.8703873711440158,0.9049820765623812,0.9144348647519659,0.9229563735101747,0.9285164560983694,0.9319407799881199
0.014579138485870224,0.013808343596308892,0.010460902455266763,0.005282061244108793,0.0020407260531305482,0.03343780293989207,0.37726894094543906,0.48531266326809497,0.5390342143654548,0.6347883014364804,0.6774885034215372,0.694250381051007,0.7086374060648479,0.7278254876132946,0.7351254770673128,0.7576796457167074,0.8027020377373467,0.833321011691247,0.8490899201959726,0.8559996504873554
0.001397745715742138,0.001414755686764524,0.0014448471866842505,0.0002879461493380253,0.0001776822708036141,0.3759256196020738,0.6167506557775423,0.6827760213797395,0.7186036910349682,0.7700898121764456,0.8038413496770722,0.8034477838680038,0.8050215191352214,0.812382701667423,0.8048244758439824,0.7770585383169899,0.7946802156944421,0.8156376151726055,0.8291434415570444,0.8374252668036284
0.0014939982664911033,0.0024417756664293355,0.00292214020290793,0.024772939810676964,0.027725841254055528,0.2599736100960255,0.42679917070481677,0.4809684976315082,0.5241178531399993,0.6634500432816683,0.6695177383987623,0.6971784418747415,0.7261384421988601,0.7605946736096545,0.787901204519185,0.8231289223480659,0.8375522083032227,0.8538503761848462,0.864506914906454,0.8710155828738365
0.000855677148399625,0.0004503497593837391,0.0020433628131030224,0.002220877088252804,0.012546968599193464,0.31517059834665095,0.45364341544619313,0.49886323644418795,0.5228851141815115,0.6868543967416176,0.6744314093876649,0.7042462750369393,0.7384787758885731,0.771201549993948,0.7949378223328741,0.8045675204316726,0.8163617542189348,0.8347989650612198,0.8468035469544455,0.854178347230566
0.001389642103307387,0.0014003588019440016,0.0014193704102424265,0.0014529184382560123,0.0015114893730862056,0.0016114550152998008,2.942460741028885e-5,0.00020767150752276642,0.00042793046880817975,0.07872776719104368,0.23449073805903775,0.19464694674137573,0.19022119896516887,0.17952522861355114,0.14015942194328512,0.09935382025798745,0.08917991471380349,0.06593290426542997,0.04358342027900808,0.028782096324882156
0.0017640588704113114,0.0017277109763084164,0.0020996800381396508,0.44737666672005116,0.7020102847584109,0.7109907819945633,0.6805745215398131,0.6520657043412121,0.6497567827205124,0.7586622803201077,0.7359546430065336,0.7711350496526376,0.8007897057820097,0.832505701679658,0.8643608436702204,0.8996739340740487,0.918479744469457,0.9266420301065204,0.9319809384898805,0.9352547404453398
0.0012473044340822748,0.0011467955232996596,0.000968384983619508,0.3396234004904961,0.6203122822141113,0.7471265207857323,0.7459125086638332,0.7381708672921914,0.7415800333801399,0.8151322075198495,0.8000938868291962,0.8221768082950106,0.8483977666066514,0.8763027666456312,0.9014141709021681,0.8879477895425834,0.8954795789709775,0.9060093521890739,0.9128325015204829,0.9170257183644496
0.00037400687049871095,0.001546398630773993,0.0013427204253546599,0.0009875163029716694,0.01058298765071275,0.30243051729862724,0.4636567060965259,0.5087670650519522,0.5588530124084659,0.7633469913341989,0.8084146140700429,0.8130312333141303,0.8216760573399132,0.8353103541359961,0.8430562624079638,0.8572770647355081,0.8633037636038086,0.8785739561948088,0.888476826690907,0.8945756817541458
0.0007760065326744003,0.0003086166557650927,0.002077499009281336,0.056317210452268895,0.5112072571837349,0.6152310380613415,0.662555402139126,0.6742159207897954,0.6906244081299475,0.7685557552984679,0.7696448535360948,0.791804414558265,0.8178668536096929,0.8448136466411318,0.8676470598791615,0.8844748172971293,0.892929684862457,0.9037222574393106,0.9107448913252506,0.9150516325729333
0.0016438572726179546,0.0017847348131178054,0.0004593336723299757,0.0011475778637768386,0.0974848420746891,0.4586740841632567,0.5777022699920573,0.6202185681195961,0.6481125136456505,0.7050178523336298,0.705223370467962,0.7298913537691833,0.754507646516463,0.7832458752082568,0.804422905549265,0.803848036785803,0.8197014015705728,0.8377928766656662,0.8495814513012577,0.8568233563316067
0.0013673149893697056,0.0013605808943137898,0.0013486077518580775,0.0013273888339765394,0.0005151357130299683,0.0005757922911845403,0.4404244968865443,0.6114144245731166,0.6356853187095381,0.7174318357313789,0.755856560640165,0.7591192136261208,0.755541884308585,0.73869447293362,0.6915944060473664,0.6475889937437156,0.675613480077806,0.7087738202958136,0.7301365636724508,0.7432239689055699
0.0033075590098852192,0.00022952842380330463,0.0010497377223336324,0.00225615359275555,0.004185624808157318,0.007030061465854276,0.010674846445744124,0.014231523724089312,0.014955247512947745,0.48199794979139243,0.5814646718127241,0.5511172340462964,0.5471142242095295,0.5665033086427671,0.5789958745418167,0.5845012421306588,0.5900107628312234,0.5825082021778312,0.5687620930046049,0.5820991248805367
0.0013777892625020938,0.0013792444942124504,0.0013818180045158668,0.0013863314895483647,0.0013941125177641123,0.001407022478831843,0.0014264977242174348,0.00039824886869188614,0.0014431001949003486,0.0005417965056477847,0.06492696940361886,0.03384952219770698,0.00046505634772198157,0.00044985702330369026,0.0004410284866327441,0.0002295262935264608,0.004882986338758055,0.005818519975690384,0.005767055862021531,0.005782023086262411
0.0013409285163775708,0.0013135617636569341,0.0012649326572552466,0.0011788455515230334,0.0008399609774304428,0.3092084381153679,0.5619951722873726,0.5791292325956875,0.5996442534277033,0.6888693668182785,0.6827304857937613,0.7106103912502383,0.7430341504085722,0.7663564280583077,0.7179026247969529,0.677868186843008,0.7045206698370594,0.7339914130423721,0.753208214681869,0.7650449229654575
0.0013594158318034344,0.0013465398991913125,0.0005228002090394979,0.31896937284958715,0.6430380056196618,0.6928282326130977,0.6467791898870578,0.6073852073502881,0.6054244108602594,0.7295960193636295,0.6934987642358175,0.7311364700908546,0.7702887808740873,0.8098566621540306,0.8435796809401981,0.8792549209390164,0.9015788013111257,0.9113854239072392,0.9177830039137651,0.921723658915787
0.0013329322227658702,0.0012993597659207712,0.0006053826339390556,0.0007365368384387727,0.34356984095907883,0.5288421588764876,0.6101387977742083,0.6375314021563412,0.6574335337540897,0.7091744314692683,0.7040152096365866,0.7299639261239459,0.7598680949395268,0.7950840178519227,0.8251326252340516,0.8490946011948372,0.8611852894716818,0.8751263111140459,0.8841746373074478,0.8897345363462776
0.0012470610307466767,0.0011467162733077574,0.0009694071800032678,0.0006589331211529492,0.0001253996856964701,0.0007533835998904115,0.002216774864197135,0.0023764794215487273,0.0022925595369707175,0.004760878939756519,0.0021296138593523972,0.002102019019508128,0.0006002601777116423,0.00013119496910085626,0.017912212344923684,0.0010684647499488165,0.004912801908273923,0.005824985620384915,0.005776101951022072,0.005785104210067171
0.0013367090800739945,0.0013060866099627866,0.0012517744912622364,0.0011559779910014223,0.0009888801892881105,0.0007042439271429668,0.001399722711452056,0.0015573646819091458,0.001507513882288647,0.0017368074174617387,0.2372654273297421,0.20192443665816895,0.17334547796775668,0.1734565592751014,0.1529483708612639,0.07640937591662422,0.015557085286870498,0.00581937198043414,0.00576718210267857,0.005782027917696442
0.0012729304875815917,0.0011924756466288322,0.001049725091374798,0.0007977632894476949,0.0003577105654031243,0.001915478434253548,0.0019880133975407333,0.24063761188178012,0.31438192165490675,0.4796688364999966,0.5556869056160405,0.5559783620250713,0.5411685284964871,0.5002933044206856,0.4014500743625581,0.33937959520611927,0.383964655268073,0.44128717164580034,0.48185166118795386,0.5068098780999233
0.0011045573850186896,0.0008924859580200506,0.0005159895371327217,0.002018770247927404,0.0021771756763713235,0.15812762216586795,0.42814967326213704,0.5155091684663269,0.5828390124516505,0.6585637206891859,0.7088119340379638,0.7239599439917326,0.7374033995966465,0.7586456763129666,0.7658495005133534,0.7324412962518994,0.7540950898569088,0.7789611455125098,0.7950560921977932,0.8049394994494438
0.0014051508663796008,0.0014280165371191034,0.001468662113469743,0.0002684495320048885,0.3270018186543031,0.6158944813551837,0.6643838492629749,0.6769567420325941,0.6915027600629273,0.7570436446653713,0.7585691555722053,0.779532119013124,0.8030225788060941,0.828669537347886,0.8492160308537557,0.8376810109983244,0.8499087221036973,0.8650546142858304,0.8748713359333229,0.880899817614862
0.0018080275839678084,0.0008367206259304316,0.30089270956253245,0.6379972374140123,0.7202014260429028,0.7003450975334973,0.6704241483765518,0.6412437436882936,0.6414247311786784,0.7566628020393117,0.7354368121072945,0.7702805411135193,0.8048342184385988,0.8391187006438673,0.8695762895597157,0.9018717603887679,0.9340673166428403,0.951774178784376,0.9552714421735765,0.9574201881359159
0.0018961922549878274,0.00196303674841547,0.001060501956645754,0.0022167876662191333,0.2812443977816672,0.5151779230689757,0.6125704624046069,0.6464040151234167,0.656555689361314,0.6722566595933135,0.6756162386853974,0.70295533293832,0.7316328261019631,0.7653478663117914,0.7905025021238524,0.8263411751056827,0.8427076861363771,0.8584825199569792,0.8687239509684747,0.8750222942886072
0.001575283386494819,0.0017303371977800408,0.0016739197949137141,0.0009135158053045211,0.0019119389939472597,0.19311165601776514,0.4192301256346368,0.4853372441518903,0.5451418022286946,0.739197169217747,0.8047245426109262,0.806795311253105,0.8081877079809687,0.8111569200975957,0.7760312497492451,0.744402744139161,0.7649802384333478,0.7886541992550565,0.804008138632173,0.813453675124457
